"","Position","X","chr","pos2","Density","NormDensity"
"1",5901,NA,NA,NA,NA,NA
"2",5902,NA,NA,NA,NA,NA
"3",5903,NA,NA,NA,NA,NA
"4",5904,NA,NA,NA,NA,NA
"5",5905,NA,NA,NA,NA,NA
"6",5906,NA,NA,NA,NA,NA
"7",5907,NA,NA,NA,NA,NA
"8",5908,NA,NA,NA,NA,NA
"9",5909,NA,NA,NA,NA,NA
"10",5910,NA,NA,NA,NA,NA
"11",5911,NA,NA,NA,NA,NA
"12",5912,NA,NA,NA,NA,NA
"13",5913,NA,NA,NA,NA,NA
"14",5914,NA,NA,NA,NA,NA
"15",5915,NA,NA,NA,NA,NA
"16",5916,NA,NA,NA,NA,NA
"17",5917,NA,NA,NA,NA,NA
"18",5918,NA,NA,NA,NA,NA
"19",5919,NA,NA,NA,NA,NA
"20",5920,NA,NA,NA,NA,NA
"21",5921,NA,NA,NA,NA,NA
"22",5922,NA,NA,NA,NA,NA
"23",5923,NA,NA,NA,NA,NA
"24",5924,NA,NA,NA,NA,NA
"25",5925,NA,NA,NA,NA,NA
"26",5926,NA,NA,NA,NA,NA
"27",5927,NA,NA,NA,NA,NA
"28",5928,NA,NA,NA,NA,NA
"29",5929,NA,NA,NA,NA,NA
"30",5930,NA,NA,NA,NA,NA
"31",5931,NA,NA,NA,NA,NA
"32",5932,NA,NA,NA,NA,NA
"33",5933,NA,NA,NA,NA,NA
"34",5934,NA,NA,NA,NA,NA
"35",5935,NA,NA,NA,NA,NA
"36",5936,NA,NA,NA,NA,NA
"37",5937,NA,NA,NA,NA,NA
"38",5938,NA,NA,NA,NA,NA
"39",5939,NA,NA,NA,NA,NA
"40",5940,NA,NA,NA,NA,NA
"41",5941,3951,"MT",5942,3977,0.546441330035724
"42",5942,3952,"MT",5943,4117,0.565677383896675
"43",5943,3953,"MT",5944,4107,0.564303380049464
"44",5944,3954,"MT",5945,4129,0.567326188513328
"45",5945,3955,"MT",5946,4125,0.566776586974444
"46",5946,3956,"MT",5947,4136,0.568287991206375
"47",5947,3957,"MT",5948,3815,0.52418246771091
"48",5948,3958,"MT",5949,3829,0.526106073097005
"49",5949,3959,"MT",5950,3828,0.525968672712284
"50",5950,3960,"MT",5951,3835,0.526930475405331
"51",5951,3961,"MT",5952,3834,0.52679307502061
"52",5952,3962,"MT",5953,3838,0.527342676559494
"53",5953,3963,"MT",5954,3752,0.515526243473482
"54",5954,3964,"MT",5955,3696,0.507831821929101
"55",5955,3965,"MT",5956,3634,0.499312998076395
"56",5956,3966,"MT",5957,3546,0.48722176422094
"57",5957,3967,"MT",5958,3484,0.478702940368233
"58",5958,3968,"MT",5959,3406,0.467985710359989
"59",5959,3969,"MT",5960,3391,0.465924704589173
"60",5960,3970,"MT",5961,3353,0.460703489969772
"61",5961,3971,"MT",5962,3267,0.448887056883759
"62",5962,3972,"MT",5963,3121,0.428826600714482
"63",5963,3973,"MT",5964,3107,0.426902995328387
"64",5964,3974,"MT",5965,3104,0.426490794174224
"65",5965,3975,"MT",5966,3123,0.429101401483924
"66",5966,3976,"MT",5967,3223,0.442841439956032
"67",5967,3977,"MT",5968,3636,0.499587798845837
"68",5968,3978,"MT",5969,4419,0.60717230008244
"69",5969,3979,"MT",5970,4452,0.611706512778236
"70",5970,3980,"MT",5971,4463,0.613217917010168
"71",5971,3981,"MT",5972,4455,0.612118713932399
"72",5972,3982,"MT",5973,4327,0.594531464688101
"73",5973,3983,"MT",5974,3784,0.519923055784556
"74",5974,3984,"MT",5975,2474,0.339928551799945
"75",5975,3985,"MT",5976,2045,0.280983786754603
"76",5976,3986,"MT",5977,1916,0.263259137125584
"77",5977,3987,"MT",5978,1845,0.253503709810387
"78",5978,3988,"MT",5980,1835,0.252129705963177
"79",5979,3988,"MT",5980,1835,0.252129705963177
"80",5980,3989,"MT",5981,1803,0.247732893652102
"81",5981,3990,"MT",5982,1722,0.236603462489695
"82",5982,3991,"MT",5983,1705,0.234267655949437
"83",5983,3992,"MT",5984,1711,0.235092058257763
"84",5984,3993,"MT",5985,1716,0.235779060181369
"85",5985,3994,"MT",5986,1723,0.236740862874416
"86",5986,3995,"MT",5987,1772,0.243473481725749
"87",5987,3996,"MT",5988,2074,0.284968397911514
"88",5988,3997,"MT",5989,2101,0.288678208298983
"89",5989,3998,"MT",5990,2107,0.28950261060731
"90",5990,3999,"MT",5991,2108,0.289640010992031
"91",5991,4000,"MT",5992,2105,0.289227809837868
"92",5992,4001,"MT",5993,3337,0.458505083814235
"93",5993,4002,"MT",5994,3801,0.522258862324815
"94",5994,4003,"MT",5995,3828,0.525968672712284
"95",5995,4004,"MT",5996,3863,0.530777686177521
"96",5996,4005,"MT",5997,3843,0.5280296784831
"97",5997,4006,"MT",5998,3783,0.519785655399835
"98",5998,4007,"MT",5999,3628,0.498488595768068
"99",5999,4008,"MT",6000,2960,0.406705138774389
"100",6000,4009,"MT",6001,2819,0.387331684528717
"101",6001,4010,"MT",6002,2710,0.372355042594119
"102",6002,4011,"MT",6003,2697,0.370568837592745
"103",6003,4012,"MT",6004,2695,0.370294036823303
"104",6004,4013,"MT",6005,2548,0.350096180269305
"105",6005,4014,"MT",6006,2471,0.339516350645782
"106",6006,4015,"MT",6007,2462,0.338279747183292
"107",6007,4016,"MT",6008,2602,0.357515801044243
"108",6008,4017,"MT",6009,2850,0.39159109645507
"109",6009,4018,"MT",6010,2855,0.392278098378675
"110",6010,4019,"MT",6011,2865,0.393652102225886
"111",6011,4020,"MT",6012,2878,0.39543830722726
"112",6012,4021,"MT",6013,2885,0.396400109920308
"113",6013,4022,"MT",6014,2894,0.397636713382797
"114",6014,4023,"MT",6015,2904,0.399010717230008
"115",6015,4024,"MT",6016,2906,0.39928551799945
"116",6016,4025,"MT",6017,2907,0.399422918384171
"117",6017,4026,"MT",6018,2906,0.39928551799945
"118",6018,4027,"MT",6019,2891,0.397224512228634
"119",6019,4028,"MT",6020,2838,0.389942291838417
"120",6020,4029,"MT",6021,2603,0.357653201428964
"121",6021,4030,"MT",6023,2552,0.350645781808189
"122",6022,4030,"MT",6023,2552,0.350645781808189
"123",6023,4031,"MT",6024,2546,0.349821379499863
"124",6024,4032,"MT",6025,2542,0.349271777960978
"125",6025,4033,"MT",6026,2537,0.348584776037373
"126",6026,4034,"MT",6028,2503,0.343913162956856
"127",6027,4034,"MT",6028,2503,0.343913162956856
"128",6028,4035,"MT",6029,2480,0.340752954108271
"129",6029,4036,"MT",6030,793,0.108958505083814
"130",6030,4037,"MT",6031,591,0.0812036273701566
"131",6031,4038,"MT",6032,574,0.0788678208298983
"132",6032,4039,"MT",6033,569,0.0781808189062929
"133",6033,4040,"MT",6037,572,0.0785930200604562
"134",6034,4040,"MT",6037,572,0.0785930200604562
"135",6035,4040,"MT",6037,572,0.0785930200604562
"136",6036,4040,"MT",6037,572,0.0785930200604562
"137",6037,4041,"MT",6038,603,0.0828524319868096
"138",6038,4042,"MT",6039,608,0.083539433910415
"139",6039,4043,"MT",6040,521,0.0715856004396812
"140",6040,4044,"MT",6041,414,0.056883759274526
"141",6041,4045,"MT",6042,333,0.0457543281121187
"142",6042,4046,"MT",6043,245,0.0336630942566639
"143",6043,4047,"MT",6044,195,0.0267930750206101
"144",6044,4048,"MT",6045,172,0.0236328661720253
"145",6045,4049,"MT",6046,171,0.0234954657873042
"146",6046,4050,"MT",6048,180,0.0247320692497939
"147",6047,4050,"MT",6048,180,0.0247320692497939
"148",6048,4051,"MT",6049,190,0.0261060730970047
"149",6049,4052,"MT",6050,223,0.0306402857928002
"150",6050,4053,"MT",6051,241,0.0331134927177796
"151",6051,4054,"MT",6053,225,0.0309150865622424
"152",6052,4054,"MT",6053,225,0.0309150865622424
"153",6053,4055,"MT",6054,228,0.0313272877164056
"154",6054,4056,"MT",6056,222,0.0305028854080791
"155",6055,4056,"MT",6056,222,0.0305028854080791
"156",6056,4057,"MT",6057,213,0.0292662819455894
"157",6057,4058,"MT",6058,212,0.0291288815608684
"158",6058,4059,"MT",6059,220,0.030228084638637
"159",6059,4060,"MT",6060,231,0.0317394888705688
"160",6060,4061,"MT",6061,238,0.0327012915636164
"161",6061,4062,"MT",6062,268,0.0368233031052487
"162",6062,4063,"MT",6063,275,0.0377851057982962
"163",6063,4064,"MT",6064,277,0.0380599065677384
"164",6064,4065,"MT",6065,295,0.0405331134927178
"165",6065,4066,"MT",6066,316,0.0434185215718604
"166",6066,4067,"MT",6067,463,0.0636163781258588
"167",6067,4068,"MT",6068,1730,0.237702665567464
"168",6068,4069,"MT",6069,1982,0.272327562517175
"169",6069,4070,"MT",6070,2011,0.276312173674086
"170",6070,4071,"MT",6071,2019,0.277411376751855
"171",6071,4072,"MT",6073,1977,0.27164056059357
"172",6072,4072,"MT",6073,1977,0.27164056059357
"173",6073,4073,"MT",6074,1982,0.272327562517175
"174",6074,4074,"MT",6075,1988,0.273151964825502
"175",6075,4075,"MT",6076,2005,0.27548777136576
"176",6076,4076,"MT",6077,2122,0.291563616378126
"177",6077,4077,"MT",6078,2152,0.295685627919758
"178",6078,4078,"MT",6079,2153,0.295823028304479
"179",6079,4079,"MT",6080,2146,0.294861225611432
"180",6080,4080,"MT",6081,2145,0.294723825226711
"181",6081,4081,"MT",6082,2138,0.293762022533663
"182",6082,4082,"MT",6083,2128,0.292388018686452
"183",6083,4083,"MT",6084,2097,0.288128606760099
"184",6084,4084,"MT",6085,2087,0.286754602912888
"185",6085,4085,"MT",6086,2080,0.285792800219841
"186",6086,4086,"MT",6087,2081,0.285930200604562
"187",6087,4087,"MT",6088,2074,0.284968397911514
"188",6088,4088,"MT",6089,2073,0.284830997526793
"189",6089,4089,"MT",6090,2077,0.285380599065677
"190",6090,4090,"MT",6091,2076,0.285243198680956
"191",6091,4091,"MT",6092,2026,0.278373179444902
"192",6092,4092,"MT",6093,2020,0.277548777136576
"193",6093,4093,"MT",6094,2008,0.275899972519923
"194",6094,4094,"MT",6095,1986,0.272877164056059
"195",6095,4095,"MT",6096,1966,0.270129156361638
"196",6096,4096,"MT",6097,1952,0.268205550975543
"197",6097,4097,"MT",6098,1942,0.266831547128332
"198",6098,4098,"MT",6099,1933,0.265594943665842
"199",6099,4099,"MT",6100,1932,0.265457543281121
"200",6100,4100,"MT",6101,1921,0.263946139049189
"201",6101,4101,"MT",6102,1719,0.236191261335532
"202",6102,4102,"MT",6103,1387,0.190574333608134
"203",6103,4103,"MT",6104,878,0.120637537785106
"204",6104,4104,"MT",6105,481,0.0660895850508381
"205",6105,4105,"MT",6106,281,0.0386095081066227
"206",6106,4106,"MT",6107,249,0.0342126957955482
"207",6107,4107,"MT",6108,238,0.0327012915636164
"208",6108,4108,"MT",6109,213,0.0292662819455894
"209",6109,4109,"MT",6110,214,0.0294036823303105
"210",6110,4110,"MT",6111,198,0.0272052761747733
"211",6111,4111,"MT",6112,73,0.0100302280846386
"212",6112,4112,"MT",6113,61,0.00838142346798571
"213",6113,4113,"MT",6114,62,0.00851882385270679
"214",6114,4114,"MT",6115,65,0.00893102500687002
"215",6115,4115,"MT",6116,72,0.00989282769991756
"216",6116,4116,"MT",6117,74,0.0101676284693597
"217",6117,4117,"MT",6118,72,0.00989282769991756
"218",6118,4118,"MT",6119,71,0.00975542731519648
"219",6119,4119,"MT",6120,72,0.00989282769991756
"220",6120,4120,"MT",6121,73,0.0100302280846386
"221",6121,4121,"MT",6124,74,0.0101676284693597
"222",6122,4121,"MT",6124,74,0.0101676284693597
"223",6123,4121,"MT",6124,74,0.0101676284693597
"224",6124,4122,"MT",6125,73,0.0100302280846386
"225",6125,4123,"MT",6126,74,0.0101676284693597
"226",6126,4124,"MT",6127,79,0.0108546303929651
"227",6127,4125,"MT",6129,104,0.014289640010992
"228",6128,4125,"MT",6129,104,0.014289640010992
"229",6129,4126,"MT",6130,106,0.0145644407804342
"230",6130,4127,"MT",6133,108,0.0148392415498763
"231",6131,4127,"MT",6133,108,0.0148392415498763
"232",6132,4127,"MT",6133,108,0.0148392415498763
"233",6133,4128,"MT",6134,101,0.0138774388568288
"234",6134,4129,"MT",6135,97,0.0133278373179445
"235",6135,4130,"MT",6136,95,0.0130530365485023
"236",6136,4131,"MT",6137,96,0.0131904369332234
"237",6137,4132,"MT",6138,95,0.0130530365485023
"238",6138,4133,"MT",6139,93,0.0127782357790602
"239",6139,4134,"MT",6141,118,0.0162132453970871
"240",6140,4134,"MT",6141,118,0.0162132453970871
"241",6141,4135,"MT",6144,115,0.0158010442429239
"242",6142,4135,"MT",6144,115,0.0158010442429239
"243",6143,4135,"MT",6144,115,0.0158010442429239
"244",6144,4136,"MT",6145,112,0.0153888430887606
"245",6145,4137,"MT",6146,109,0.0149766419345974
"246",6146,4138,"MT",6147,107,0.0147018411651553
"247",6147,4139,"MT",6148,104,0.014289640010992
"248",6148,4140,"MT",6149,96,0.0131904369332234
"249",6149,4141,"MT",6150,94,0.0129156361637813
"250",6150,4142,"MT",6152,92,0.0126408353943391
"251",6151,4142,"MT",6152,92,0.0126408353943391
"252",6152,4143,"MT",6153,89,0.0122286342401759
"253",6153,4144,"MT",6154,86,0.0118164330860126
"254",6154,4145,"MT",6155,83,0.0114042319318494
"255",6155,4146,"MT",6156,87,0.0119538334707337
"256",6156,4147,"MT",6157,96,0.0131904369332234
"257",6157,4148,"MT",6158,141,0.0193734542456719
"258",6158,4149,"MT",6159,159,0.0218466611706513
"259",6159,4150,"MT",6160,154,0.0211596592470459
"260",6160,4151,"MT",6161,144,0.0197856553998351
"261",6161,4152,"MT",6163,138,0.0189612530915087
"262",6162,4152,"MT",6163,138,0.0189612530915087
"263",6163,4153,"MT",6165,137,0.0188238527067876
"264",6164,4153,"MT",6165,137,0.0188238527067876
"265",6165,4154,"MT",6166,136,0.0186864523220665
"266",6166,4155,"MT",6168,135,0.0185490519373454
"267",6167,4155,"MT",6168,135,0.0185490519373454
"268",6168,4156,"MT",6169,134,0.0184116515526243
"269",6169,4157,"MT",6170,131,0.0179994503984611
"270",6170,4158,"MT",6171,129,0.017724649629019
"271",6171,4159,"MT",6172,127,0.0174498488595768
"272",6172,4160,"MT",6173,122,0.0167628469359714
"273",6173,4161,"MT",6174,121,0.0166254465512503
"274",6174,4162,"MT",6175,117,0.016075845012366
"275",6175,4163,"MT",6176,104,0.014289640010992
"276",6176,4164,"MT",6177,98,0.0134652377026656
"277",6177,4165,"MT",6179,100,0.0137400384721077
"278",6178,4165,"MT",6179,100,0.0137400384721077
"279",6179,4166,"MT",6184,101,0.0138774388568288
"280",6180,4166,"MT",6184,101,0.0138774388568288
"281",6181,4166,"MT",6184,101,0.0138774388568288
"282",6182,4166,"MT",6184,101,0.0138774388568288
"283",6183,4166,"MT",6184,101,0.0138774388568288
"284",6184,4167,"MT",6186,99,0.0136026380873866
"285",6185,4167,"MT",6186,99,0.0136026380873866
"286",6186,4168,"MT",6187,100,0.0137400384721077
"287",6187,4169,"MT",6188,101,0.0138774388568288
"288",6188,4170,"MT",6190,100,0.0137400384721077
"289",6189,4170,"MT",6190,100,0.0137400384721077
"290",6190,4171,"MT",6191,75,0.0103050288540808
"291",6191,4172,"MT",6192,91,0.012503435009618
"292",6192,4173,"MT",6193,431,0.0592195658147843
"293",6193,4174,"MT",6194,1064,0.146194009343226
"294",6194,4175,"MT",6195,1541,0.21173399285518
"295",6195,4176,"MT",6196,1554,0.213520197856554
"296",6196,4177,"MT",6197,1569,0.21558120362737
"297",6197,4178,"MT",6198,1586,0.217917010167628
"298",6198,4179,"MT",6199,1594,0.219016213245397
"299",6199,4180,"MT",6200,1608,0.220939818631492
"300",6200,4181,"MT",6201,1611,0.221352019785655
"301",6201,4182,"MT",6202,1615,0.22190162132454
"302",6202,4183,"MT",6203,1622,0.222863424017587
"303",6203,4184,"MT",6204,1624,0.223138224787029
"304",6204,4185,"MT",6205,1626,0.223413025556472
"305",6205,4186,"MT",6206,1628,0.223687826325914
"306",6206,4187,"MT",6207,1631,0.224100027480077
"307",6207,4188,"MT",6208,1635,0.224649629018961
"308",6208,4189,"MT",6209,1680,0.23083264633141
"309",6209,4190,"MT",6211,1685,0.231519648255015
"310",6210,4190,"MT",6211,1685,0.231519648255015
"311",6211,4191,"MT",6212,1683,0.231244847485573
"312",6212,4192,"MT",6213,1682,0.231107447100852
"313",6213,4193,"MT",6214,1681,0.230970046716131
"314",6214,4194,"MT",6215,1682,0.231107447100852
"315",6215,4195,"MT",6219,1680,0.23083264633141
"316",6216,4195,"MT",6219,1680,0.23083264633141
"317",6217,4195,"MT",6219,1680,0.23083264633141
"318",6218,4195,"MT",6219,1680,0.23083264633141
"319",6219,4196,"MT",6221,1679,0.230695245946689
"320",6220,4196,"MT",6221,1679,0.230695245946689
"321",6221,4197,"MT",6222,1675,0.230145644407804
"322",6222,4198,"MT",6223,1651,0.226848035174499
"323",6223,4199,"MT",6224,1631,0.224100027480077
"324",6224,4200,"MT",6225,1587,0.21805441055235
"325",6225,4201,"MT",6226,1185,0.162819455894476
"326",6226,4202,"MT",6227,937,0.128744160483649
"327",6227,4203,"MT",6228,622,0.08546303929651
"328",6228,4204,"MT",6229,391,0.0537235504259412
"329",6229,4205,"MT",6230,179,0.0245946688650728
"330",6230,4206,"MT",6231,125,0.0171750480901347
"331",6231,4207,"MT",6232,101,0.0138774388568288
"332",6232,4208,"MT",6233,81,0.0111294311624073
"333",6233,4209,"MT",6234,89,0.0122286342401759
"334",6234,4210,"MT",6235,103,0.014152239626271
"335",6235,4211,"MT",6236,174,0.0239076669414674
"336",6236,4212,"MT",6237,254,0.0348996977191536
"337",6237,4213,"MT",6238,335,0.0460291288815609
"338",6238,4214,"MT",6239,355,0.0487771365759824
"339",6239,4215,"MT",6240,434,0.0596317669689475
"340",6240,4216,"MT",6241,435,0.0597691673536686
"341",6241,4217,"MT",6242,439,0.0603187688925529
"342",6242,4218,"MT",6243,423,0.0581203627370157
"343",6243,4219,"MT",6244,418,0.0574333608134103
"344",6244,4220,"MT",6245,422,0.0579829623522946
"345",6245,4221,"MT",6246,421,0.0578455619675735
"346",6246,4222,"MT",6247,422,0.0579829623522946
"347",6247,4223,"MT",6248,425,0.0583951635064578
"348",6248,4224,"MT",6249,426,0.0585325638911789
"349",6249,4225,"MT",6250,425,0.0583951635064578
"350",6250,4226,"MT",6252,426,0.0585325638911789
"351",6251,4226,"MT",6252,426,0.0585325638911789
"352",6252,4227,"MT",6253,425,0.0583951635064578
"353",6253,4228,"MT",6254,429,0.0589447650453421
"354",6254,4229,"MT",6255,433,0.0594943665842264
"355",6255,4230,"MT",6256,434,0.0596317669689475
"356",6256,4231,"MT",6258,437,0.0600439681231107
"357",6257,4231,"MT",6258,437,0.0600439681231107
"358",6258,4232,"MT",6259,456,0.0626545754328112
"359",6259,4233,"MT",6260,468,0.0643033800494641
"360",6260,4234,"MT",6261,473,0.0649903819730695
"361",6261,4235,"MT",6262,486,0.0667765869744435
"362",6262,4236,"MT",6263,580,0.0796922231382248
"363",6263,4237,"MT",6264,589,0.0809288266007145
"364",6264,4238,"MT",6265,607,0.0834020335256939
"365",6265,4239,"MT",6266,671,0.0921956581478428
"366",6266,4240,"MT",6267,678,0.0931574608408904
"367",6267,4241,"MT",6268,610,0.0838142346798571
"368",6268,4242,"MT",6269,509,0.0699367958230283
"369",6269,4243,"MT",6270,516,0.0708985985160758
"370",6270,4244,"MT",6271,554,0.0761198131354768
"371",6271,4245,"MT",6272,1140,0.156636438582028
"372",6272,4246,"MT",6273,1524,0.209398186314922
"373",6273,4247,"MT",6274,1572,0.215993404781533
"374",6274,4248,"MT",6275,1550,0.21297059631767
"375",6275,4249,"MT",6276,1546,0.212420994778785
"376",6276,4250,"MT",6277,1548,0.212695795548228
"377",6277,4251,"MT",6278,1550,0.21297059631767
"378",6278,4252,"MT",6279,1556,0.213794998625996
"379",6279,4253,"MT",6280,1559,0.214207199780159
"380",6280,4254,"MT",6281,1657,0.227672437482825
"381",6281,4255,"MT",6282,1672,0.229733443253641
"382",6282,4256,"MT",6285,1678,0.230557845561968
"383",6283,4256,"MT",6285,1678,0.230557845561968
"384",6284,4256,"MT",6285,1678,0.230557845561968
"385",6285,4257,"MT",6286,1679,0.230695245946689
"386",6286,4258,"MT",6287,1678,0.230557845561968
"387",6287,4259,"MT",6288,1675,0.230145644407804
"388",6288,4260,"MT",6289,1673,0.229870843638362
"389",6289,4261,"MT",6290,1675,0.230145644407804
"390",6290,4262,"MT",6292,1678,0.230557845561968
"391",6291,4262,"MT",6292,1678,0.230557845561968
"392",6292,4263,"MT",6293,1676,0.230283044792525
"393",6293,4264,"MT",6294,1668,0.229183841714757
"394",6294,4265,"MT",6295,1659,0.227947238252267
"395",6295,4266,"MT",6296,1655,0.227397636713383
"396",6296,4267,"MT",6297,1628,0.223687826325914
"397",6297,4268,"MT",6298,1475,0.202665567463589
"398",6298,4269,"MT",6299,1383,0.19002473206925
"399",6299,4270,"MT",6300,1365,0.18755152514427
"400",6300,4271,"MT",6301,1327,0.182330310524869
"401",6301,4272,"MT",6302,1320,0.181368507831822
"402",6302,4273,"MT",6303,1302,0.178895300906843
"403",6303,4274,"MT",6304,1228,0.168727672437483
"404",6304,4275,"MT",6305,909,0.124896949711459
"405",6305,4276,"MT",6306,796,0.109370706237977
"406",6306,4277,"MT",6307,496,0.0681505908216543
"407",6307,4278,"MT",6308,328,0.0450673261885133
"408",6308,4279,"MT",6309,296,0.0406705138774389
"409",6309,4280,"MT",6310,284,0.0390217092607859
"410",6310,4281,"MT",6311,324,0.044517724649629
"411",6311,4282,"MT",6312,338,0.0464413300357241
"412",6312,4283,"MT",6313,377,0.0517999450398461
"413",6313,4284,"MT",6314,398,0.0546853531189887
"414",6314,4285,"MT",6315,491,0.0674635888980489
"415",6315,4286,"MT",6316,639,0.0877988458367683
"416",6316,4287,"MT",6317,859,0.118026930475405
"417",6317,4288,"MT",6318,984,0.13520197856554
"418",6318,4289,"MT",6319,1077,0.1479802143446
"419",6319,4290,"MT",6320,1160,0.15938444627645
"420",6320,4291,"MT",6321,1166,0.160208848584776
"421",6321,4292,"MT",6322,1170,0.16075845012366
"422",6322,4293,"MT",6323,1191,0.163643858202803
"423",6323,4294,"MT",6324,1197,0.164468260511129
"424",6324,4295,"MT",6325,1200,0.164880461665293
"425",6325,4296,"MT",6326,1203,0.165292662819456
"426",6326,4297,"MT",6327,1206,0.165704863973619
"427",6327,4298,"MT",6328,1208,0.165979664743061
"428",6328,4299,"MT",6329,1233,0.169414674361088
"429",6329,4300,"MT",6330,1232,0.169277273976367
"430",6330,4301,"MT",6331,1226,0.168452871668041
"431",6331,4302,"MT",6332,1223,0.168040670513877
"432",6332,4303,"MT",6333,1214,0.166804067051388
"433",6333,4304,"MT",6334,1209,0.166117065127782
"434",6334,4305,"MT",6335,1199,0.164743061280572
"435",6335,4306,"MT",6336,1185,0.162819455894476
"436",6336,4307,"MT",6337,1169,0.160621049738939
"437",6337,4308,"MT",6338,1134,0.155812036273702
"438",6338,4309,"MT",6339,1131,0.155399835119538
"439",6339,4310,"MT",6341,1128,0.154987633965375
"440",6340,4310,"MT",6341,1128,0.154987633965375
"441",6341,4311,"MT",6342,1122,0.154163231657049
"442",6342,4312,"MT",6343,1118,0.153613630118164
"443",6343,4313,"MT",6344,1115,0.153201428964001
"444",6344,4314,"MT",6345,1107,0.152102225886232
"445",6345,4315,"MT",6346,1077,0.1479802143446
"446",6346,4316,"MT",6347,1070,0.147018411651553
"447",6347,4317,"MT",6348,1057,0.145232206650179
"448",6348,4318,"MT",6349,1021,0.14028579280022
"449",6349,4319,"MT",6350,1112,0.152789227809838
"450",6350,4320,"MT",6351,1009,0.138636988183567
"451",6351,4321,"MT",6352,586,0.0805166254465512
"452",6352,4322,"MT",6353,316,0.0434185215718604
"453",6353,4323,"MT",6354,265,0.0364111019510855
"454",6354,4324,"MT",6355,235,0.0322890904094531
"455",6355,4325,"MT",6356,229,0.0314646881011267
"456",6356,4326,"MT",6357,218,0.0299532838691948
"457",6357,4327,"MT",6358,201,0.0276174773289365
"458",6358,4328,"MT",6359,192,0.0263808738664468
"459",6359,4329,"MT",6360,190,0.0261060730970047
"460",6360,4330,"MT",6362,191,0.0262434734817257
"461",6361,4330,"MT",6362,191,0.0262434734817257
"462",6362,4331,"MT",6363,188,0.0258312723275625
"463",6363,4332,"MT",6364,184,0.0252816707886782
"464",6364,4333,"MT",6365,180,0.0247320692497939
"465",6365,4334,"MT",6366,175,0.0240450673261885
"466",6366,4335,"MT",6370,168,0.023083264633141
"467",6367,4335,"MT",6370,168,0.023083264633141
"468",6368,4335,"MT",6370,168,0.023083264633141
"469",6369,4335,"MT",6370,168,0.023083264633141
"470",6370,4336,"MT",6372,165,0.0226710634789777
"471",6371,4336,"MT",6372,165,0.0226710634789777
"472",6372,4337,"MT",6373,166,0.0228084638636988
"473",6373,4338,"MT",6376,163,0.0223962627095356
"474",6374,4338,"MT",6376,163,0.0223962627095356
"475",6375,4338,"MT",6376,163,0.0223962627095356
"476",6376,4339,"MT",6377,164,0.0225336630942567
"477",6377,4340,"MT",6378,165,0.0226710634789777
"478",6378,4341,"MT",6379,163,0.0223962627095356
"479",6379,4342,"MT",6381,162,0.0222588623248145
"480",6380,4342,"MT",6381,162,0.0222588623248145
"481",6381,4343,"MT",6382,161,0.0221214619400934
"482",6382,4344,"MT",6383,157,0.0215718604012091
"483",6383,4345,"MT",6384,109,0.0149766419345974
"484",6384,4346,"MT",6385,85,0.0116790327012916
"485",6385,4347,"MT",6386,19,0.00261060730970047
"486",6386,4348,"MT",6388,12,0.00164880461665293
"487",6387,4348,"MT",6388,12,0.00164880461665293
"488",6388,4349,"MT",6389,15,0.00206100577081616
"489",6389,4350,"MT",6390,16,0.00219840615553724
"490",6390,4351,"MT",6391,18,0.00247320692497939
"491",6391,4352,"MT",6392,24,0.00329760923330585
"492",6392,4353,"MT",6394,28,0.00384721077219016
"493",6393,4353,"MT",6394,28,0.00384721077219016
"494",6394,4354,"MT",6395,30,0.00412201154163232
"495",6395,4355,"MT",6396,34,0.00467161308051663
"496",6396,4356,"MT",6397,35,0.0048090134652377
"497",6397,4357,"MT",6398,37,0.00508381423467986
"498",6398,4358,"MT",6399,35,0.0048090134652377
"499",6399,4359,"MT",6400,34,0.00467161308051663
"500",6400,4360,"MT",6406,33,0.00453421269579555
"501",6401,4360,"MT",6406,33,0.00453421269579555
"502",6402,4360,"MT",6406,33,0.00453421269579555
"503",6403,4360,"MT",6406,33,0.00453421269579555
"504",6404,4360,"MT",6406,33,0.00453421269579555
"505",6405,4360,"MT",6406,33,0.00453421269579555
"506",6406,4361,"MT",6407,31,0.00425941192635339
"507",6407,4362,"MT",6408,27,0.00370981038746909
"508",6408,4363,"MT",6409,26,0.00357241000274801
"509",6409,4364,"MT",6410,42,0.00577081615828524
"510",6410,4365,"MT",6412,44,0.0060456169277274
"511",6411,4365,"MT",6412,44,0.0060456169277274
"512",6412,4366,"MT",6415,47,0.00645781808189063
"513",6413,4366,"MT",6415,47,0.00645781808189063
"514",6414,4366,"MT",6415,47,0.00645781808189063
"515",6415,4367,"MT",6417,49,0.00673261885133278
"516",6416,4367,"MT",6417,49,0.00673261885133278
"517",6417,4368,"MT",6418,52,0.00714482000549602
"518",6418,4369,"MT",6419,54,0.00741962077493817
"519",6419,4370,"MT",6420,55,0.00755702115965925
"520",6420,4371,"MT",6421,53,0.00728222039021709
"521",6421,4372,"MT",6422,54,0.00741962077493817
"522",6422,4373,"MT",6423,57,0.0078318219291014
"523",6423,4374,"MT",6424,56,0.00769442154438032
"524",6424,4375,"MT",6425,55,0.00755702115965925
"525",6425,4376,"MT",6426,54,0.00741962077493817
"526",6426,4377,"MT",6434,34,0.00467161308051663
"527",6427,4377,"MT",6434,34,0.00467161308051663
"528",6428,4377,"MT",6434,34,0.00467161308051663
"529",6429,4377,"MT",6434,34,0.00467161308051663
"530",6430,4377,"MT",6434,34,0.00467161308051663
"531",6431,4377,"MT",6434,34,0.00467161308051663
"532",6432,4377,"MT",6434,34,0.00467161308051663
"533",6433,4377,"MT",6434,34,0.00467161308051663
"534",6434,4378,"MT",6438,36,0.00494641384995878
"535",6435,4378,"MT",6438,36,0.00494641384995878
"536",6436,4378,"MT",6438,36,0.00494641384995878
"537",6437,4378,"MT",6438,36,0.00494641384995878
"538",6438,4379,"MT",6439,38,0.00522121461940093
"539",6439,4380,"MT",6440,39,0.00535861500412201
"540",6440,4381,"MT",6443,38,0.00522121461940093
"541",6441,4381,"MT",6443,38,0.00522121461940093
"542",6442,4381,"MT",6443,38,0.00522121461940093
"543",6443,4382,"MT",6444,36,0.00494641384995878
"544",6444,4383,"MT",6445,33,0.00453421269579555
"545",6445,4384,"MT",6446,26,0.00357241000274801
"546",6446,4385,"MT",6447,22,0.0030228084638637
"547",6447,4386,"MT",6449,25,0.00343500961802693
"548",6448,4386,"MT",6449,25,0.00343500961802693
"549",6449,4387,"MT",6450,32,0.00439681231107447
"550",6450,4388,"MT",6451,33,0.00453421269579555
"551",6451,4389,"MT",6452,60,0.00824402308326463
"552",6452,4390,"MT",6453,64,0.00879362462214894
"553",6453,4391,"MT",6454,59,0.00810662269854356
"554",6454,4392,"MT",6455,64,0.00879362462214894
"555",6455,4393,"MT",6456,70,0.0096180269304754
"556",6456,4394,"MT",6457,72,0.00989282769991756
"557",6457,4395,"MT",6458,79,0.0108546303929651
"558",6458,4396,"MT",6459,80,0.0109920307776862
"559",6459,4397,"MT",6460,81,0.0111294311624073
"560",6460,4398,"MT",6461,83,0.0114042319318494
"561",6461,4399,"MT",6462,86,0.0118164330860126
"562",6462,4400,"MT",6463,89,0.0122286342401759
"563",6463,4401,"MT",6464,105,0.0144270403957131
"564",6464,4402,"MT",6465,132,0.0181368507831822
"565",6465,4403,"MT",6466,278,0.0381973069524595
"566",6466,4404,"MT",6467,743,0.10208848584776
"567",6467,4405,"MT",6468,940,0.129156361637813
"568",6468,4406,"MT",6469,954,0.131079967023908
"569",6469,4407,"MT",6470,977,0.134240175872492
"570",6470,4408,"MT",6471,986,0.135476779334982
"571",6471,4409,"MT",6472,988,0.135751580104424
"572",6472,4410,"MT",6473,1003,0.13781258587524
"573",6473,4411,"MT",6474,1007,0.138362187414125
"574",6474,4412,"MT",6475,1012,0.13904918933773
"575",6475,4413,"MT",6476,1018,0.139873591646057
"576",6476,4414,"MT",6477,1021,0.14028579280022
"577",6477,4415,"MT",6482,1030,0.14152239626271
"578",6478,4415,"MT",6482,1030,0.14152239626271
"579",6479,4415,"MT",6482,1030,0.14152239626271
"580",6480,4415,"MT",6482,1030,0.14152239626271
"581",6481,4415,"MT",6482,1030,0.14152239626271
"582",6482,4416,"MT",6483,1032,0.141797197032152
"583",6483,4417,"MT",6484,1030,0.14152239626271
"584",6484,4418,"MT",6485,1016,0.139598790876614
"585",6485,4419,"MT",6486,1023,0.140560593569662
"586",6486,4420,"MT",6487,1017,0.139736191261336
"587",6487,4421,"MT",6488,1004,0.137949986259962
"588",6488,4422,"MT",6489,999,0.137262984336356
"589",6489,4423,"MT",6490,993,0.13643858202803
"590",6490,4424,"MT",6491,984,0.13520197856554
"591",6491,4425,"MT",6492,980,0.134652377026656
"592",6492,4426,"MT",6493,969,0.133140972794724
"593",6493,4427,"MT",6494,967,0.132866172025282
"594",6494,4428,"MT",6495,965,0.13259137125584
"595",6495,4429,"MT",6497,963,0.132316570486397
"596",6496,4429,"MT",6497,963,0.132316570486397
"597",6497,4430,"MT",6498,957,0.131492168178071
"598",6498,4431,"MT",6499,938,0.12888156086837
"599",6499,4432,"MT",6500,886,0.121736740862874
"600",6500,4433,"MT",6501,715,0.0982412750755702
"601",6501,4434,"MT",6502,407,0.0559219565814784
"602",6502,4435,"MT",6503,160,0.0219840615553724
"603",6503,4436,"MT",6504,85,0.0116790327012916
"604",6504,4437,"MT",6505,71,0.00975542731519648
"605",6505,4438,"MT",6506,63,0.00865622423742786
"606",6506,4439,"MT",6507,59,0.00810662269854356
"607",6507,4440,"MT",6508,57,0.0078318219291014
"608",6508,4441,"MT",6510,55,0.00755702115965925
"609",6509,4441,"MT",6510,55,0.00755702115965925
"610",6510,4442,"MT",6511,62,0.00851882385270679
"611",6511,4443,"MT",6512,70,0.0096180269304754
"612",6512,4444,"MT",6513,65,0.00893102500687002
"613",6513,4445,"MT",6514,62,0.00851882385270679
"614",6514,4446,"MT",6517,53,0.00728222039021709
"615",6515,4446,"MT",6517,53,0.00728222039021709
"616",6516,4446,"MT",6517,53,0.00728222039021709
"617",6517,4447,"MT",6518,54,0.00741962077493817
"618",6518,4448,"MT",6519,53,0.00728222039021709
"619",6519,4449,"MT",6521,51,0.00700741962077494
"620",6520,4449,"MT",6521,51,0.00700741962077494
"621",6521,4450,"MT",6522,52,0.00714482000549602
"622",6522,4451,"MT",6523,168,0.023083264633141
"623",6523,4452,"MT",6524,347,0.0476779334982138
"624",6524,4453,"MT",6525,373,0.0512503435009618
"625",6525,4454,"MT",6526,425,0.0583951635064578
"626",6526,4455,"MT",6527,461,0.0633415773564166
"627",6527,4456,"MT",6528,503,0.0691123935147018
"628",6528,4457,"MT",6529,507,0.0696619950535862
"629",6529,4458,"MT",6530,515,0.0707611981313548
"630",6530,4459,"MT",6531,524,0.0719978015938445
"631",6531,4460,"MT",6532,569,0.0781808189062929
"632",6532,4461,"MT",6533,705,0.0968672712283594
"633",6533,4462,"MT",6534,776,0.106622698543556
"634",6534,4463,"MT",6535,789,0.10840890354493
"635",6535,4464,"MT",6537,802,0.110195108546304
"636",6536,4464,"MT",6537,802,0.110195108546304
"637",6537,4465,"MT",6538,801,0.110057708161583
"638",6538,4466,"MT",6539,797,0.109508106622699
"639",6539,4467,"MT",6540,796,0.109370706237977
"640",6540,4468,"MT",6541,795,0.109233305853256
"641",6541,4469,"MT",6543,793,0.108958505083814
"642",6542,4469,"MT",6543,793,0.108958505083814
"643",6543,4470,"MT",6544,792,0.108821104699093
"644",6544,4471,"MT",6545,784,0.107721901621325
"645",6545,4472,"MT",6546,777,0.106760098928277
"646",6546,4473,"MT",6547,774,0.106347897774114
"647",6547,4474,"MT",6548,775,0.106485298158835
"648",6548,4475,"MT",6549,773,0.106210497389393
"649",6549,4476,"MT",6551,771,0.105935696619951
"650",6550,4476,"MT",6551,771,0.105935696619951
"651",6551,4477,"MT",6552,770,0.105798296235229
"652",6552,4478,"MT",6553,767,0.105386095081066
"653",6553,4479,"MT",6554,758,0.104149491618577
"654",6554,4480,"MT",6555,745,0.102363286617203
"655",6555,4481,"MT",6556,738,0.101401483924155
"656",6556,4482,"MT",6557,725,0.099615278922781
"657",6557,4483,"MT",6558,685,0.0941192635339379
"658",6558,4484,"MT",6559,585,0.0803792250618302
"659",6559,4485,"MT",6560,448,0.0615553723550426
"660",6560,4486,"MT",6561,393,0.0539983511953833
"661",6561,4487,"MT",6562,319,0.0438307227260236
"662",6562,4488,"MT",6563,301,0.0413575158010442
"663",6563,4489,"MT",6564,292,0.0401209123385545
"664",6564,4490,"MT",6565,287,0.0394339104149492
"665",6565,4491,"MT",6566,263,0.0361363011816433
"666",6566,4492,"MT",6567,189,0.0259686727122836
"667",6567,4493,"MT",6568,91,0.012503435009618
"668",6568,4494,"MT",6569,45,0.00618301731244847
"669",6569,4495,"MT",6570,34,0.00467161308051663
"670",6570,4496,"MT",6571,30,0.00412201154163232
"671",6571,4497,"MT",6572,25,0.00343500961802693
"672",6572,4498,"MT",6573,24,0.00329760923330585
"673",6573,4499,"MT",6574,23,0.00316020884858478
"674",6574,4500,"MT",6575,22,0.0030228084638637
"675",6575,4501,"MT",6578,21,0.00288540807914262
"676",6576,4501,"MT",6578,21,0.00288540807914262
"677",6577,4501,"MT",6578,21,0.00288540807914262
"678",6578,4502,"MT",6581,20,0.00274800769442154
"679",6579,4502,"MT",6581,20,0.00274800769442154
"680",6580,4502,"MT",6581,20,0.00274800769442154
"681",6581,4503,"MT",6584,19,0.00261060730970047
"682",6582,4503,"MT",6584,19,0.00261060730970047
"683",6583,4503,"MT",6584,19,0.00261060730970047
"684",6584,4504,"MT",6585,18,0.00247320692497939
"685",6585,4505,"MT",6586,20,0.00274800769442154
"686",6586,4506,"MT",6588,21,0.00288540807914262
"687",6587,4506,"MT",6588,21,0.00288540807914262
"688",6588,4507,"MT",6590,22,0.0030228084638637
"689",6589,4507,"MT",6590,22,0.0030228084638637
"690",6590,4508,"MT",6591,26,0.00357241000274801
"691",6591,4509,"MT",6592,30,0.00412201154163232
"692",6592,4510,"MT",6593,34,0.00467161308051663
"693",6593,4511,"MT",6594,35,0.0048090134652377
"694",6594,4512,"MT",6597,38,0.00522121461940093
"695",6595,4512,"MT",6597,38,0.00522121461940093
"696",6596,4512,"MT",6597,38,0.00522121461940093
"697",6597,4513,"MT",6598,40,0.00549601538884309
"698",6598,4514,"MT",6601,39,0.00535861500412201
"699",6599,4514,"MT",6601,39,0.00535861500412201
"700",6600,4514,"MT",6601,39,0.00535861500412201
"701",6601,4515,"MT",6602,38,0.00522121461940093
"702",6602,4516,"MT",6604,37,0.00508381423467986
"703",6603,4516,"MT",6604,37,0.00508381423467986
"704",6604,4517,"MT",6605,32,0.00439681231107447
"705",6605,4518,"MT",6606,34,0.00467161308051663
"706",6606,4519,"MT",6607,35,0.0048090134652377
"707",6607,4520,"MT",6608,62,0.00851882385270679
"708",6608,4521,"MT",6609,67,0.00920582577631217
"709",6609,4522,"MT",6610,73,0.0100302280846386
"710",6610,4523,"MT",6611,95,0.0130530365485023
"711",6611,4524,"MT",6612,122,0.0167628469359714
"712",6612,4525,"MT",6613,125,0.0171750480901347
"713",6613,4526,"MT",6614,127,0.0174498488595768
"714",6614,4527,"MT",6615,137,0.0188238527067876
"715",6615,4528,"MT",6616,141,0.0193734542456719
"716",6616,4529,"MT",6617,157,0.0215718604012091
"717",6617,4530,"MT",6618,158,0.0217092607859302
"718",6618,4531,"MT",6619,163,0.0223962627095356
"719",6619,4532,"MT",6620,164,0.0225336630942567
"720",6620,4533,"MT",6621,163,0.0223962627095356
"721",6621,4534,"MT",6623,161,0.0221214619400934
"722",6622,4534,"MT",6623,161,0.0221214619400934
"723",6623,4535,"MT",6624,159,0.0218466611706513
"724",6624,4536,"MT",6625,170,0.0233580654025831
"725",6625,4537,"MT",6627,174,0.0239076669414674
"726",6626,4537,"MT",6627,174,0.0239076669414674
"727",6627,4538,"MT",6628,164,0.0225336630942567
"728",6628,4539,"MT",6630,165,0.0226710634789777
"729",6629,4539,"MT",6630,165,0.0226710634789777
"730",6630,4540,"MT",6631,164,0.0225336630942567
"731",6631,4541,"MT",6632,166,0.0228084638636988
"732",6632,4542,"MT",6633,168,0.023083264633141
"733",6633,4543,"MT",6634,172,0.0236328661720253
"734",6634,4544,"MT",6635,177,0.0243198680956307
"735",6635,4545,"MT",6636,179,0.0245946688650728
"736",6636,4546,"MT",6637,185,0.0254190711733993
"737",6637,4547,"MT",6638,187,0.0256938719428414
"738",6638,4548,"MT",6641,189,0.0259686727122836
"739",6639,4548,"MT",6641,189,0.0259686727122836
"740",6640,4548,"MT",6641,189,0.0259686727122836
"741",6641,4549,"MT",6642,183,0.0251442704039571
"742",6642,4550,"MT",6643,182,0.0250068700192361
"743",6643,4551,"MT",6644,192,0.0263808738664468
"744",6644,4552,"MT",6645,296,0.0406705138774389
"745",6645,4553,"MT",6646,596,0.081890629293762
"746",6646,4554,"MT",6647,733,0.10071448200055
"747",6647,4555,"MT",6648,954,0.131079967023908
"748",6648,4556,"MT",6649,1002,0.137675185490519
"749",6649,4557,"MT",6650,1054,0.144820005496015
"750",6650,4558,"MT",6651,1064,0.146194009343226
"751",6651,4559,"MT",6652,1086,0.14921681780709
"752",6652,4560,"MT",6653,1216,0.16707886782083
"753",6653,4561,"MT",6654,1334,0.183292113217917
"754",6654,4562,"MT",6655,1557,0.213932399010717
"755",6655,4563,"MT",6656,2594,0.356416597966474
"756",6656,4564,"MT",6657,2653,0.364523220665018
"757",6657,4565,"MT",6658,2670,0.366859027205276
"758",6658,4566,"MT",6659,2706,0.371805441055235
"759",6659,4567,"MT",6660,2707,0.371942841439956
"760",6660,4568,"MT",6661,2716,0.373179444902446
"761",6661,4569,"MT",6662,2726,0.374553448749657
"762",6662,4570,"MT",6663,2775,0.381286067600989
"763",6663,4571,"MT",6664,3091,0.42470458917285
"764",6664,4572,"MT",6665,4092,0.562242374278648
"765",6665,4573,"MT",6666,4212,0.578730420445177
"766",6666,4574,"MT",6667,4360,0.599065677383897
"767",6667,4575,"MT",6668,4567,0.62750755702116
"768",6668,4576,"MT",6669,4694,0.644957405880736
"769",6669,4577,"MT",6670,4709,0.647018411651553
"770",6670,4578,"MT",6671,4737,0.650865622423743
"771",6671,4579,"MT",6672,4747,0.652239626270954
"772",6672,4580,"MT",6673,4770,0.655399835119538
"773",6673,4581,"MT",6674,4789,0.658010442429239
"774",6674,4582,"MT",6675,4835,0.664330860126408
"775",6675,4583,"MT",6676,5226,0.71805441055235
"776",6676,4584,"MT",6677,6374,0.875790052212146
"777",6677,4585,"MT",6678,6668,0.916185765320143
"778",6678,4586,"MT",6679,6944,0.95410827150316
"779",6679,4587,"MT",6680,7278,1
"780",6680,4588,"MT",6681,7206,0.990107172300082
"781",6681,4589,"MT",6683,7019,0.964413300357241
"782",6682,4589,"MT",6683,7019,0.964413300357241
"783",6683,4590,"MT",6684,6971,0.957818081890629
"784",6684,4591,"MT",6685,6890,0.946688650728222
"785",6685,4592,"MT",6686,6856,0.942017037647705
"786",6686,4593,"MT",6687,6814,0.93624622148942
"787",6687,4594,"MT",6688,6582,0.90436933223413
"788",6688,4595,"MT",6689,6105,0.838829348722176
"789",6689,4596,"MT",6690,5812,0.798571035998901
"790",6690,4597,"MT",6691,5506,0.756526518274251
"791",6691,4598,"MT",6692,5234,0.719153613630118
"792",6692,4599,"MT",6693,5156,0.708436383621874
"793",6693,4600,"MT",6694,5129,0.704726573234405
"794",6694,4601,"MT",6695,5107,0.701703764770541
"795",6695,4602,"MT",6696,5110,0.702115965924705
"796",6696,4603,"MT",6697,5330,0.732344050563342
"797",6697,4604,"MT",6698,5658,0.777411376751855
"798",6698,4605,"MT",6699,5670,0.779060181368508
"799",6699,4606,"MT",6700,5206,0.715306402857928
"800",6700,4607,"MT",6701,4853,0.666804067051388
"801",6701,4608,"MT",6702,4458,0.612530915086562
"802",6702,4609,"MT",6703,4175,0.573646606210497
"803",6703,4610,"MT",6704,4071,0.559356966199505
"804",6704,4611,"MT",6705,4068,0.558944765045342
"805",6705,4612,"MT",6706,4174,0.573509205825776
"806",6706,4613,"MT",6707,3479,0.478015938444628
"807",6707,4614,"MT",6708,3452,0.474306128057159
"808",6708,4615,"MT",6709,3431,0.471420719978016
"809",6709,4616,"MT",6710,3444,0.47320692497939
"810",6710,4617,"MT",6711,3478,0.477878538059907
"811",6711,4618,"MT",6712,2004,0.275350370981039
"812",6712,4619,"MT",6713,1455,0.199917559769167
"813",6713,4620,"MT",6714,1408,0.193459741687277
"814",6714,4621,"MT",6715,1398,0.192085737840066
"815",6715,4622,"MT",6716,1404,0.192910140148392
"816",6716,4623,"MT",6717,1409,0.193597142071998
"817",6717,4624,"MT",6718,1424,0.195658147842814
"818",6718,4625,"MT",6719,1729,0.237565265182743
"819",6719,4626,"MT",6720,1982,0.272327562517175
"820",6720,4627,"MT",6722,1997,0.274388568287991
"821",6721,4627,"MT",6722,1997,0.274388568287991
"822",6722,4628,"MT",6723,1993,0.273838966749107
"823",6723,4629,"MT",6724,1994,0.273976367133828
"824",6724,4630,"MT",6725,1990,0.273426765594944
"825",6725,4631,"MT",6726,1987,0.27301456444078
"826",6726,4632,"MT",6727,1984,0.272602363286617
"827",6727,4633,"MT",6730,1983,0.272464962901896
"828",6728,4633,"MT",6730,1983,0.272464962901896
"829",6729,4633,"MT",6730,1983,0.272464962901896
"830",6730,4634,"MT",6731,1918,0.263533937895026
"831",6731,4635,"MT",6732,1126,0.154712833195933
"832",6732,4636,"MT",6733,1080,0.148392415498763
"833",6733,4637,"MT",6734,1079,0.148255015114042
"834",6734,4638,"MT",6735,1064,0.146194009343226
"835",6735,4639,"MT",6736,1060,0.145644407804342
"836",6736,4640,"MT",6737,1047,0.143858202802968
"837",6737,4641,"MT",6738,1005,0.138087386644683
"838",6738,4642,"MT",6739,921,0.126545754328112
"839",6739,4643,"MT",6740,865,0.118851332783732
"840",6740,4644,"MT",6741,812,0.111569112393515
"841",6741,4645,"MT",6742,779,0.107034899697719
"842",6742,4646,"MT",6743,745,0.102363286617203
"843",6743,4647,"MT",6744,706,0.0970046716130805
"844",6744,4648,"MT",6745,701,0.0963176696894751
"845",6745,4649,"MT",6746,706,0.0970046716130805
"846",6746,4650,"MT",6747,707,0.0971420719978016
"847",6747,4651,"MT",6748,698,0.0959054685353119
"848",6748,4652,"MT",6750,682,0.0937070623797747
"849",6749,4652,"MT",6750,682,0.0937070623797747
"850",6750,4653,"MT",6751,642,0.0882110469909316
"851",6751,4654,"MT",6752,568,0.0780434185215719
"852",6752,4655,"MT",6753,536,0.0736466062104974
"853",6753,4656,"MT",6754,501,0.0688375927452597
"854",6754,4657,"MT",6755,352,0.0483649354218192
"855",6755,4658,"MT",6756,223,0.0306402857928002
"856",6756,4659,"MT",6757,205,0.0281670788678208
"857",6757,4660,"MT",6758,348,0.0478153338829349
"858",6758,4661,"MT",6759,375,0.051525144270404
"859",6759,4662,"MT",6760,377,0.0517999450398461
"860",6760,4663,"MT",6762,382,0.0524869469634515
"861",6761,4663,"MT",6762,382,0.0524869469634515
"862",6762,4664,"MT",6764,381,0.0523495465787304
"863",6763,4664,"MT",6764,381,0.0523495465787304
"864",6764,4665,"MT",6765,378,0.0519373454245672
"865",6765,4666,"MT",6766,377,0.0517999450398461
"866",6766,4667,"MT",6767,370,0.0508381423467986
"867",6767,4668,"MT",6768,368,0.0505633415773564
"868",6768,4669,"MT",6769,362,0.04973893926903
"869",6769,4670,"MT",6770,357,0.0490519373454246
"870",6770,4671,"MT",6772,355,0.0487771365759824
"871",6771,4671,"MT",6772,355,0.0487771365759824
"872",6772,4672,"MT",6773,356,0.0489145369607035
"873",6773,4673,"MT",6774,359,0.0493267381148667
"874",6774,4674,"MT",6775,357,0.0490519373454246
"875",6775,4675,"MT",6776,350,0.048090134652377
"876",6776,4676,"MT",6777,333,0.0457543281121187
"877",6777,4677,"MT",6778,461,0.0633415773564166
"878",6778,4678,"MT",6779,930,0.127782357790602
"879",6779,4679,"MT",6780,1274,0.175048090134652
"880",6780,4680,"MT",6781,1300,0.1786205001374
"881",6781,4681,"MT",6782,1342,0.184391316295686
"882",6782,4682,"MT",6783,1354,0.186040120912339
"883",6783,4683,"MT",6784,1381,0.189749931299808
"884",6784,4684,"MT",6785,1409,0.193597142071998
"885",6785,4685,"MT",6786,1423,0.195520747458093
"886",6786,4686,"MT",6787,1422,0.195383347073372
"887",6787,4687,"MT",6788,1437,0.197444352844188
"888",6788,4688,"MT",6789,1435,0.197169552074746
"889",6789,4689,"MT",6790,1403,0.192772739763671
"890",6790,4690,"MT",6791,1300,0.1786205001374
"891",6791,4691,"MT",6792,1262,0.173399285517999
"892",6792,4692,"MT",6793,1246,0.171200879362462
"893",6793,4693,"MT",6794,1222,0.167903270129156
"894",6794,4694,"MT",6795,1220,0.167628469359714
"895",6795,4695,"MT",6796,1222,0.167903270129156
"896",6796,4696,"MT",6798,1230,0.169002473206925
"897",6797,4696,"MT",6798,1230,0.169002473206925
"898",6798,4697,"MT",6799,1241,0.170513877438857
"899",6799,4698,"MT",6801,1245,0.171063478977741
"900",6800,4698,"MT",6801,1245,0.171063478977741
"901",6801,4699,"MT",6802,1244,0.17092607859302
"902",6802,4700,"MT",6803,1243,0.170788678208299
"903",6803,4701,"MT",6804,1240,0.170376477054136
"904",6804,4702,"MT",6805,1241,0.170513877438857
"905",6805,4703,"MT",6806,1242,0.170651277823578
"906",6806,4704,"MT",6807,1238,0.170101676284694
"907",6807,4705,"MT",6808,1236,0.169826875515251
"908",6808,4706,"MT",6809,1228,0.168727672437483
"909",6809,4707,"MT",6810,1214,0.166804067051388
"910",6810,4708,"MT",6811,1163,0.159796647430613
"911",6811,4709,"MT",6812,670,0.0920582577631217
"912",6812,4710,"MT",6813,321,0.0441055234954658
"913",6813,4711,"MT",6814,234,0.0321516900247321
"914",6814,4712,"MT",6815,218,0.0299532838691948
"915",6815,4713,"MT",6816,208,0.0285792800219841
"916",6816,4714,"MT",6817,194,0.026655674635889
"917",6817,4715,"MT",6818,183,0.0251442704039571
"918",6818,4716,"MT",6819,165,0.0226710634789777
"919",6819,4717,"MT",6820,163,0.0223962627095356
"920",6820,4718,"MT",6821,152,0.0208848584776037
"921",6821,4719,"MT",6822,130,0.01786205001374
"922",6822,4720,"MT",6823,108,0.0148392415498763
"923",6823,4721,"MT",6824,100,0.0137400384721077
"924",6824,4722,"MT",6826,98,0.0134652377026656
"925",6825,4722,"MT",6826,98,0.0134652377026656
"926",6826,4723,"MT",6827,93,0.0127782357790602
"927",6827,4724,"MT",6828,87,0.0119538334707337
"928",6828,4725,"MT",6829,90,0.012366034624897
"929",6829,4726,"MT",6830,111,0.0152514427040396
"930",6830,4727,"MT",6831,112,0.0153888430887606
"931",6831,4728,"MT",6832,113,0.0155262434734817
"932",6832,4729,"MT",6833,114,0.0156636438582028
"933",6833,4730,"MT",6834,113,0.0155262434734817
"934",6834,4731,"MT",6835,111,0.0152514427040396
"935",6835,4732,"MT",6836,109,0.0149766419345974
"936",6836,4733,"MT",6837,110,0.0151140423193185
"937",6837,4734,"MT",6838,111,0.0152514427040396
"938",6838,4735,"MT",6839,112,0.0153888430887606
"939",6839,4736,"MT",6840,113,0.0155262434734817
"940",6840,4737,"MT",6841,116,0.015938444627645
"941",6841,4738,"MT",6842,121,0.0166254465512503
"942",6842,4739,"MT",6843,122,0.0167628469359714
"943",6843,4740,"MT",6844,111,0.0152514427040396
"944",6844,4741,"MT",6845,96,0.0131904369332234
"945",6845,4742,"MT",6846,79,0.0108546303929651
"946",6846,4743,"MT",6847,75,0.0103050288540808
"947",6847,4744,"MT",6848,76,0.0104424292388019
"948",6848,4745,"MT",6849,72,0.00989282769991756
"949",6849,4746,"MT",6850,73,0.0100302280846386
"950",6850,4747,"MT",6851,79,0.0108546303929651
"951",6851,4748,"MT",6852,78,0.010717230008244
"952",6852,4749,"MT",6853,79,0.0108546303929651
"953",6853,4750,"MT",6854,80,0.0109920307776862
"954",6854,4751,"MT",6855,85,0.0116790327012916
"955",6855,4752,"MT",6856,95,0.0130530365485023
"956",6856,4753,"MT",6857,237,0.0325638911788953
"957",6857,4754,"MT",6858,348,0.0478153338829349
"958",6858,4755,"MT",6859,365,0.0501511404231932
"959",6859,4756,"MT",6860,371,0.0509755427315196
"960",6860,4757,"MT",6861,373,0.0512503435009618
"961",6861,4758,"MT",6862,369,0.0507007419620775
"962",6862,4759,"MT",6863,368,0.0505633415773564
"963",6863,4760,"MT",6864,366,0.0502885408079143
"964",6864,4761,"MT",6865,462,0.0634789777411377
"965",6865,4762,"MT",6866,555,0.0762572135201979
"966",6866,4763,"MT",6867,597,0.0820280296784831
"967",6867,4764,"MT",6868,605,0.0831272327562517
"968",6868,4765,"MT",6869,631,0.0866996427589997
"969",6869,4766,"MT",6871,628,0.0862874416048365
"970",6870,4766,"MT",6871,628,0.0862874416048365
"971",6871,4767,"MT",6872,624,0.0857378400659522
"972",6872,4768,"MT",6873,625,0.0858752404506733
"973",6873,4769,"MT",6874,621,0.085325638911789
"974",6874,4770,"MT",6875,611,0.0839516350645782
"975",6875,4771,"MT",6876,608,0.083539433910415
"976",6876,4772,"MT",6877,607,0.0834020335256939
"977",6877,4773,"MT",6879,609,0.083676834295136
"978",6878,4773,"MT",6879,609,0.083676834295136
"979",6879,4774,"MT",6880,646,0.0887606485298159
"980",6880,4775,"MT",6881,715,0.0982412750755702
"981",6881,4776,"MT",6882,752,0.10332508931025
"982",6882,4777,"MT",6883,755,0.103737290464413
"983",6883,4778,"MT",6884,760,0.104424292388019
"984",6884,4779,"MT",6885,757,0.104012091233855
"985",6885,4780,"MT",6886,748,0.102775487771366
"986",6886,4781,"MT",6887,743,0.10208848584776
"987",6887,4782,"MT",6888,735,0.100989282769992
"988",6888,4783,"MT",6889,729,0.100164880461665
"989",6889,4784,"MT",6890,691,0.0949436658422644
"990",6890,4785,"MT",6891,583,0.080104424292388
"991",6891,4786,"MT",6892,516,0.0708985985160758
"992",6892,4787,"MT",6893,477,0.0655399835119538
"993",6893,4788,"MT",6894,470,0.0645781808189063
"994",6894,4789,"MT",6895,462,0.0634789777411377
"995",6895,4790,"MT",6896,466,0.064028579280022
"996",6896,4791,"MT",6897,472,0.0648529815883484
"997",6897,4792,"MT",6898,426,0.0585325638911789
"998",6898,4793,"MT",6899,451,0.0619675735092058
"999",6899,4794,"MT",6900,446,0.0612805715856004
"1000",6900,4795,"MT",6901,459,0.0630667765869744
"1001",6901,4796,"MT",6902,804,0.110469909315746
"1002",6902,4797,"MT",6903,909,0.124896949711459
"1003",6903,4798,"MT",6904,921,0.126545754328112
"1004",6904,4799,"MT",6905,947,0.13011816433086
"1005",6905,4800,"MT",6906,975,0.13396537510305
"1006",6906,4801,"MT",6907,992,0.136301181643309
"1007",6907,4802,"MT",6909,1005,0.138087386644683
"1008",6908,4802,"MT",6909,1005,0.138087386644683
"1009",6909,4803,"MT",6910,1007,0.138362187414125
"1010",6910,4804,"MT",6911,1012,0.13904918933773
"1011",6911,4805,"MT",6912,1006,0.138224787029404
"1012",6912,4806,"MT",6913,955,0.131217367408629
"1013",6913,4807,"MT",6914,903,0.124072547403133
"1014",6914,4808,"MT",6915,876,0.120362737015664
"1015",6915,4809,"MT",6916,861,0.118301731244847
"1016",6916,4810,"MT",6917,846,0.116240725474031
"1017",6917,4811,"MT",6918,833,0.114454520472657
"1018",6918,4812,"MT",6919,835,0.114729321242099
"1019",6919,4813,"MT",6920,879,0.120774938169827
"1020",6920,4814,"MT",6922,881,0.121049738939269
"1021",6921,4814,"MT",6922,881,0.121049738939269
"1022",6922,4815,"MT",6923,882,0.12118713932399
"1023",6923,4816,"MT",6924,884,0.121461940093432
"1024",6924,4817,"MT",6925,886,0.121736740862874
"1025",6925,4818,"MT",6926,895,0.122973344325364
"1026",6926,4819,"MT",6927,903,0.124072547403133
"1027",6927,4820,"MT",6928,889,0.122148942017038
"1028",6928,4821,"MT",6929,883,0.121324539708711
"1029",6929,4822,"MT",6930,882,0.12118713932399
"1030",6930,4823,"MT",6931,874,0.120087936246221
"1031",6931,4824,"MT",6932,850,0.116790327012916
"1032",6932,4825,"MT",6933,812,0.111569112393515
"1033",6933,4826,"MT",6934,738,0.101401483924155
"1034",6934,4827,"MT",6935,454,0.0623797746633691
"1035",6935,4828,"MT",6936,297,0.0408079142621599
"1036",6936,4829,"MT",6937,279,0.0383347073371805
"1037",6937,4830,"MT",6938,250,0.0343500961802693
"1038",6938,4831,"MT",6939,202,0.0277548777136576
"1039",6939,4832,"MT",6940,157,0.0215718604012091
"1040",6940,4833,"MT",6941,137,0.0188238527067876
"1041",6941,4834,"MT",6942,124,0.0170376477054136
"1042",6942,4835,"MT",6943,120,0.0164880461665293
"1043",6943,4836,"MT",6944,119,0.0163506457818082
"1044",6944,4837,"MT",6945,120,0.0164880461665293
"1045",6945,4838,"MT",6946,116,0.015938444627645
"1046",6946,4839,"MT",6947,126,0.0173124484748557
"1047",6947,4840,"MT",6948,127,0.0174498488595768
"1048",6948,4841,"MT",6949,129,0.017724649629019
"1049",6949,4842,"MT",6950,138,0.0189612530915087
"1050",6950,4843,"MT",6951,139,0.0190986534762297
"1051",6951,4844,"MT",6953,129,0.017724649629019
"1052",6952,4844,"MT",6953,129,0.017724649629019
"1053",6953,4845,"MT",6954,124,0.0170376477054136
"1054",6954,4846,"MT",6955,120,0.0164880461665293
"1055",6955,4847,"MT",6956,115,0.0158010442429239
"1056",6956,4848,"MT",6957,116,0.015938444627645
"1057",6957,4849,"MT",6958,103,0.014152239626271
"1058",6958,4850,"MT",6959,110,0.0151140423193185
"1059",6959,4851,"MT",6960,111,0.0152514427040396
"1060",6960,4852,"MT",6961,134,0.0184116515526243
"1061",6961,4853,"MT",6962,151,0.0207474580928827
"1062",6962,4854,"MT",6963,152,0.0208848584776037
"1063",6963,4855,"MT",6964,166,0.0228084638636988
"1064",6964,4856,"MT",6965,180,0.0247320692497939
"1065",6965,4857,"MT",6966,181,0.024869469634515
"1066",6966,4858,"MT",6967,182,0.0250068700192361
"1067",6967,4859,"MT",6968,198,0.0272052761747733
"1068",6968,4860,"MT",6969,199,0.0273426765594944
"1069",6969,4861,"MT",6970,205,0.0281670788678208
"1070",6970,4862,"MT",6971,201,0.0276174773289365
"1071",6971,4863,"MT",6972,205,0.0281670788678208
"1072",6972,4864,"MT",6973,238,0.0327012915636164
"1073",6973,4865,"MT",6974,395,0.0542731519648255
"1074",6974,4866,"MT",6975,535,0.0735092058257763
"1075",6975,4867,"MT",6976,766,0.105248694696345
"1076",6976,4868,"MT",6977,1091,0.149903819730695
"1077",6977,4869,"MT",6978,1185,0.162819455894476
"1078",6978,4870,"MT",6979,1196,0.164330860126408
"1079",6979,4871,"MT",6980,1205,0.165567463588898
"1080",6980,4872,"MT",6981,1208,0.165979664743061
"1081",6981,4873,"MT",6982,1199,0.164743061280572
"1082",6982,4874,"MT",6983,1208,0.165979664743061
"1083",6983,4875,"MT",6984,1209,0.166117065127782
"1084",6984,4876,"MT",6985,1211,0.166391865897225
"1085",6985,4877,"MT",6986,1212,0.166529266281946
"1086",6986,4878,"MT",6987,1214,0.166804067051388
"1087",6987,4879,"MT",6988,1206,0.165704863973619
"1088",6988,4880,"MT",6989,1207,0.16584226435834
"1089",6989,4881,"MT",6990,1215,0.166941467436109
"1090",6990,4882,"MT",6991,1201,0.165017862050014
"1091",6991,4883,"MT",6992,1193,0.163918658972245
"1092",6992,4884,"MT",6993,1192,0.163781258587524
"1093",6993,4885,"MT",6994,1188,0.16323165704864
"1094",6994,4886,"MT",6995,1178,0.161857653201429
"1095",6995,4887,"MT",6996,1154,0.158560043968123
"1096",6996,4888,"MT",6997,1148,0.157735641659797
"1097",6997,4889,"MT",6998,1144,0.157186040120912
"1098",6998,4890,"MT",6999,1145,0.157323440505633
"1099",6999,4891,"MT",7000,1202,0.165155262434735
"1100",7000,4892,"MT",7001,1231,0.169139873591646
"1101",7001,4893,"MT",7002,1277,0.175460291288816
"1102",7002,4894,"MT",7003,1278,0.175597691673537
"1103",7003,4895,"MT",7004,1271,0.174635888980489
"1104",7004,4896,"MT",7005,1281,0.1760098928277
"1105",7005,4897,"MT",7006,1282,0.176147293212421
"1106",7006,4898,"MT",7007,1259,0.172987084363836
"1107",7007,4899,"MT",7008,1231,0.169139873591646
"1108",7008,4900,"MT",7009,1048,0.143995603187689
"1109",7009,4901,"MT",7010,927,0.127370156636439
"1110",7010,4902,"MT",7011,490,0.0673261885133278
"1111",7011,4903,"MT",7012,328,0.0450673261885133
"1112",7012,4904,"MT",7013,279,0.0383347073371805
"1113",7013,4905,"MT",7014,271,0.0372355042594119
"1114",7014,4906,"MT",7015,285,0.039159109645507
"1115",7015,4907,"MT",7016,395,0.0542731519648255
"1116",7016,4908,"MT",7017,486,0.0667765869744435
"1117",7017,4909,"MT",7018,507,0.0696619950535862
"1118",7018,4910,"MT",7019,651,0.0894476504534213
"1119",7019,4911,"MT",7020,702,0.0964550700741962
"1120",7020,4912,"MT",7021,723,0.0993404781533388
"1121",7021,4913,"MT",7022,731,0.100439681231107
"1122",7022,4914,"MT",7023,725,0.099615278922781
"1123",7023,4915,"MT",7024,719,0.0987908766144545
"1124",7024,4916,"MT",7025,720,0.0989282769991756
"1125",7025,4917,"MT",7026,719,0.0987908766144545
"1126",7026,4918,"MT",7027,715,0.0982412750755702
"1127",7027,4919,"MT",7028,707,0.0971420719978016
"1128",7028,4920,"MT",7029,709,0.0974168727672437
"1129",7029,4921,"MT",7030,704,0.0967298708436384
"1130",7030,4922,"MT",7031,829,0.113904918933773
"1131",7031,4923,"MT",7032,852,0.117065127782358
"1132",7032,4924,"MT",7033,845,0.11610332508931
"1133",7033,4925,"MT",7034,839,0.115278922780984
"1134",7034,4926,"MT",7035,796,0.109370706237977
"1135",7035,4927,"MT",7036,728,0.100027480076944
"1136",7036,4928,"MT",7038,724,0.0994778785380599
"1137",7037,4928,"MT",7038,724,0.0994778785380599
"1138",7038,4929,"MT",7040,720,0.0989282769991756
"1139",7039,4929,"MT",7040,720,0.0989282769991756
"1140",7040,4930,"MT",7041,721,0.0990656773838967
"1141",7041,4931,"MT",7042,720,0.0989282769991756
"1142",7042,4932,"MT",7043,728,0.100027480076944
"1143",7043,4933,"MT",7044,755,0.103737290464413
"1144",7044,4934,"MT",7045,938,0.12888156086837
"1145",7045,4935,"MT",7046,1190,0.163506457818082
"1146",7046,4936,"MT",7047,1268,0.174223687826326
"1147",7047,4937,"MT",7048,1209,0.166117065127782
"1148",7048,4938,"MT",7049,1138,0.156361637812586
"1149",7049,4939,"MT",7050,1097,0.150728222039022
"1150",7050,4940,"MT",7051,1071,0.147155812036274
"1151",7051,4941,"MT",7052,1036,0.142346798571036
"1152",7052,4942,"MT",7053,1021,0.14028579280022
"1153",7053,4943,"MT",7054,1244,0.17092607859302
"1154",7054,4944,"MT",7055,1553,0.213382797471833
"1155",7055,4945,"MT",7056,1600,0.219840615553724
"1156",7056,4946,"MT",7057,1577,0.216680406705139
"1157",7057,4947,"MT",7059,1578,0.21681780708986
"1158",7058,4947,"MT",7059,1578,0.21681780708986
"1159",7059,4948,"MT",7060,1580,0.217092607859302
"1160",7060,4949,"MT",7061,1589,0.218329211321792
"1161",7061,4950,"MT",7062,1590,0.218466611706513
"1162",7062,4951,"MT",7063,1583,0.217504809013465
"1163",7063,4952,"MT",7064,1494,0.205276174773289
"1164",7064,4953,"MT",7065,1453,0.199642758999725
"1165",7065,4954,"MT",7066,1452,0.199505358615004
"1166",7066,4955,"MT",7067,1434,0.197032151690025
"1167",7067,4956,"MT",7068,1419,0.194971145919209
"1168",7068,4957,"MT",7069,1414,0.194284143995603
"1169",7069,4958,"MT",7072,1413,0.194146743610882
"1170",7070,4958,"MT",7072,1413,0.194146743610882
"1171",7071,4958,"MT",7072,1413,0.194146743610882
"1172",7072,4959,"MT",7073,1410,0.193734542456719
"1173",7073,4960,"MT",7074,1409,0.193597142071998
"1174",7074,4961,"MT",7075,1408,0.193459741687277
"1175",7075,4962,"MT",7076,1394,0.191536136301182
"1176",7076,4963,"MT",7077,1383,0.19002473206925
"1177",7077,4964,"MT",7078,1362,0.187139323990107
"1178",7078,4965,"MT",7079,1044,0.143446001648805
"1179",7079,4966,"MT",7080,936,0.128606760098928
"1180",7080,4967,"MT",7081,787,0.108134102775488
"1181",7081,4968,"MT",7082,753,0.103462489694971
"1182",7082,4969,"MT",7083,743,0.10208848584776
"1183",7083,4970,"MT",7084,740,0.101676284693597
"1184",7084,4971,"MT",7085,731,0.100439681231107
"1185",7085,4972,"MT",7086,714,0.0981038746908491
"1186",7086,4973,"MT",7087,683,0.0938444627644957
"1187",7087,4974,"MT",7088,658,0.0904094531464688
"1188",7088,4975,"MT",7089,550,0.0755702115965925
"1189",7089,4976,"MT",7090,404,0.0555097554273152
"1190",7090,4977,"MT",7091,54,0.00741962077493817
"1191",7091,4978,"MT",7092,32,0.00439681231107447
"1192",7092,4979,"MT",7093,19,0.00261060730970047
"1193",7093,4980,"MT",7094,13,0.001786205001374
"1194",7094,4981,"MT",7095,12,0.00164880461665293
"1195",7095,4982,"MT",7096,14,0.00192360538609508
"1196",7096,4983,"MT",7099,13,0.001786205001374
"1197",7097,4983,"MT",7099,13,0.001786205001374
"1198",7098,4983,"MT",7099,13,0.001786205001374
"1199",7099,4984,"MT",7100,11,0.00151140423193185
"1200",7100,4985,"MT",7101,20,0.00274800769442154
"1201",7101,4986,"MT",7102,26,0.00357241000274801
"1202",7102,4987,"MT",7103,75,0.0103050288540808
"1203",7103,4988,"MT",7104,90,0.012366034624897
"1204",7104,4989,"MT",7106,91,0.012503435009618
"1205",7105,4989,"MT",7106,91,0.012503435009618
"1206",7106,4990,"MT",7109,92,0.0126408353943391
"1207",7107,4990,"MT",7109,92,0.0126408353943391
"1208",7108,4990,"MT",7109,92,0.0126408353943391
"1209",7109,4991,"MT",7111,90,0.012366034624897
"1210",7110,4991,"MT",7111,90,0.012366034624897
"1211",7111,4992,"MT",7114,91,0.012503435009618
"1212",7112,4992,"MT",7114,91,0.012503435009618
"1213",7113,4992,"MT",7114,91,0.012503435009618
"1214",7114,4993,"MT",7115,92,0.0126408353943391
"1215",7115,4994,"MT",7116,93,0.0127782357790602
"1216",7116,4995,"MT",7118,94,0.0129156361637813
"1217",7117,4995,"MT",7118,94,0.0129156361637813
"1218",7118,4996,"MT",7120,95,0.0130530365485023
"1219",7119,4996,"MT",7120,95,0.0130530365485023
"1220",7120,4997,"MT",7121,101,0.0138774388568288
"1221",7121,4998,"MT",7122,104,0.014289640010992
"1222",7122,4999,"MT",7123,105,0.0144270403957131
"1223",7123,5000,"MT",7126,106,0.0145644407804342
"1224",7124,5000,"MT",7126,106,0.0145644407804342
"1225",7125,5000,"MT",7126,106,0.0145644407804342
"1226",7126,5001,"MT",7127,105,0.0144270403957131
"1227",7127,5002,"MT",7128,103,0.014152239626271
"1228",7128,5003,"MT",7129,99,0.0136026380873866
"1229",7129,5004,"MT",7130,100,0.0137400384721077
"1230",7130,5005,"MT",7131,101,0.0138774388568288
"1231",7131,5006,"MT",7132,104,0.014289640010992
"1232",7132,5007,"MT",7133,106,0.0145644407804342
"1233",7133,5008,"MT",7134,120,0.0164880461665293
"1234",7134,5009,"MT",7135,250,0.0343500961802693
"1235",7135,5010,"MT",7136,698,0.0959054685353119
"1236",7136,5011,"MT",7137,806,0.110744710085188
"1237",7137,5012,"MT",7138,832,0.114317120087936
"1238",7138,5013,"MT",7139,852,0.117065127782358
"1239",7139,5014,"MT",7140,860,0.118164330860126
"1240",7140,5015,"MT",7141,865,0.118851332783732
"1241",7141,5016,"MT",7142,877,0.120500137400385
"1242",7142,5017,"MT",7143,880,0.120912338554548
"1243",7143,5018,"MT",7144,884,0.121461940093432
"1244",7144,5019,"MT",7145,889,0.122148942017038
"1245",7145,5020,"MT",7147,893,0.122698543555922
"1246",7146,5020,"MT",7147,893,0.122698543555922
"1247",7147,5021,"MT",7148,895,0.122973344325364
"1248",7148,5022,"MT",7149,900,0.12366034624897
"1249",7149,5023,"MT",7150,911,0.125171750480901
"1250",7150,5024,"MT",7151,1007,0.138362187414125
"1251",7151,5025,"MT",7152,1047,0.143858202802968
"1252",7152,5026,"MT",7153,1064,0.146194009343226
"1253",7153,5027,"MT",7154,1087,0.149354218191811
"1254",7154,5028,"MT",7155,1106,0.151964825501511
"1255",7155,5029,"MT",7156,1112,0.152789227809838
"1256",7156,5030,"MT",7157,1138,0.156361637812586
"1257",7157,5031,"MT",7158,1154,0.158560043968123
"1258",7158,5032,"MT",7159,1159,0.159247045891729
"1259",7159,5033,"MT",7162,1163,0.159796647430613
"1260",7160,5033,"MT",7162,1163,0.159796647430613
"1261",7161,5033,"MT",7162,1163,0.159796647430613
"1262",7162,5034,"MT",7163,1164,0.159934047815334
"1263",7163,5035,"MT",7164,1139,0.156499038197307
"1264",7164,5036,"MT",7165,1125,0.154575432811212
"1265",7165,5037,"MT",7166,1102,0.151415223962627
"1266",7166,5038,"MT",7167,1055,0.144957405880736
"1267",7167,5039,"MT",7168,1040,0.14289640010992
"1268",7168,5040,"MT",7169,1025,0.140835394339104
"1269",7169,5041,"MT",7170,939,0.129018961253092
"1270",7170,5042,"MT",7171,686,0.094256663918659
"1271",7171,5043,"MT",7172,350,0.048090134652377
"1272",7172,5044,"MT",7173,303,0.0416323165704864
"1273",7173,5045,"MT",7174,301,0.0413575158010442
"1274",7174,5046,"MT",7175,300,0.0412201154163232
"1275",7175,5047,"MT",7176,291,0.0399835119538335
"1276",7176,5048,"MT",7177,287,0.0394339104149492
"1277",7177,5049,"MT",7179,288,0.0395713107996702
"1278",7178,5049,"MT",7179,288,0.0395713107996702
"1279",7179,5050,"MT",7181,285,0.039159109645507
"1280",7180,5050,"MT",7181,285,0.039159109645507
"1281",7181,5051,"MT",7182,283,0.0388843088760649
"1282",7182,5052,"MT",7183,274,0.0376477054135752
"1283",7183,5053,"MT",7184,231,0.0317394888705688
"1284",7184,5054,"MT",7185,193,0.0265182742511679
"1285",7185,5055,"MT",7186,158,0.0217092607859302
"1286",7186,5056,"MT",7187,154,0.0211596592470459
"1287",7187,5057,"MT",7188,202,0.0277548777136576
"1288",7188,5058,"MT",7189,189,0.0259686727122836
"1289",7189,5059,"MT",7190,182,0.0250068700192361
"1290",7190,5060,"MT",7191,172,0.0236328661720253
"1291",7191,5061,"MT",7192,142,0.019510854630393
"1292",7192,5062,"MT",7193,133,0.0182742511679033
"1293",7193,5063,"MT",7194,122,0.0167628469359714
"1294",7194,5064,"MT",7195,123,0.0169002473206925
"1295",7195,5065,"MT",7196,135,0.0185490519373454
"1296",7196,5066,"MT",7197,133,0.0182742511679033
"1297",7197,5067,"MT",7198,134,0.0184116515526243
"1298",7198,5068,"MT",7199,137,0.0188238527067876
"1299",7199,5069,"MT",7200,139,0.0190986534762297
"1300",7200,5070,"MT",7201,141,0.0193734542456719
"1301",7201,5071,"MT",7202,143,0.019648255015114
"1302",7202,5072,"MT",7203,145,0.0199230557845562
"1303",7203,5073,"MT",7204,152,0.0208848584776037
"1304",7204,5074,"MT",7205,167,0.0229458642484199
"1305",7205,5075,"MT",7206,171,0.0234954657873042
"1306",7206,5076,"MT",7207,174,0.0239076669414674
"1307",7207,5077,"MT",7208,178,0.0244572684803517
"1308",7208,5078,"MT",7209,217,0.0298158834844738
"1309",7209,5079,"MT",7210,387,0.0531739488870569
"1310",7210,5080,"MT",7211,397,0.0545479527342677
"1311",7211,5081,"MT",7212,509,0.0699367958230283
"1312",7212,5082,"MT",7213,846,0.116240725474031
"1313",7213,5083,"MT",7214,1109,0.152377026655675
"1314",7214,5084,"MT",7215,1228,0.168727672437483
"1315",7215,5085,"MT",7216,1249,0.171613080516625
"1316",7216,5086,"MT",7217,1260,0.173124484748557
"1317",7217,5087,"MT",7218,1277,0.175460291288816
"1318",7218,5088,"MT",7219,1264,0.173674086287442
"1319",7219,5089,"MT",7220,1247,0.171338279747183
"1320",7220,5090,"MT",7221,1233,0.169414674361088
"1321",7221,5091,"MT",7222,1242,0.170651277823578
"1322",7222,5092,"MT",7223,1275,0.175185490519373
"1323",7223,5093,"MT",7224,1302,0.178895300906843
"1324",7224,5094,"MT",7225,1344,0.184666117065128
"1325",7225,5095,"MT",7227,1345,0.184803517449849
"1326",7226,5095,"MT",7227,1345,0.184803517449849
"1327",7227,5096,"MT",7228,1347,0.185078318219291
"1328",7228,5097,"MT",7229,1367,0.187826325913713
"1329",7229,5098,"MT",7230,1366,0.187688925528991
"1330",7230,5099,"MT",7231,1352,0.185765320142896
"1331",7231,5100,"MT",7233,1351,0.185627919758175
"1332",7232,5100,"MT",7233,1351,0.185627919758175
"1333",7233,5101,"MT",7234,1403,0.192772739763671
"1334",7234,5102,"MT",7235,1619,0.222451222863424
"1335",7235,5103,"MT",7236,1656,0.227535037098104
"1336",7236,5104,"MT",7237,1671,0.22959604286892
"1337",7237,5105,"MT",7238,1700,0.233580654025831
"1338",7238,5106,"MT",7239,1698,0.233305853256389
"1339",7239,5107,"MT",7240,1710,0.234954657873042
"1340",7240,5108,"MT",7241,1714,0.235504259411926
"1341",7241,5109,"MT",7242,1715,0.235641659796647
"1342",7242,5110,"MT",7243,1713,0.235366859027205
"1343",7243,5111,"MT",7244,1733,0.238114866721627
"1344",7244,5112,"MT",7245,1769,0.243061280571586
"1345",7245,5113,"MT",7246,1777,0.244160483649354
"1346",7246,5114,"MT",7247,1722,0.236603462489695
"1347",7247,5115,"MT",7248,1388,0.190711733992855
"1348",7248,5116,"MT",7249,1048,0.143995603187689
"1349",7249,5117,"MT",7250,845,0.11610332508931
"1350",7250,5118,"MT",7251,955,0.131217367408629
"1351",7251,5119,"MT",7252,1242,0.170651277823578
"1352",7252,5120,"MT",7253,1789,0.245809288266007
"1353",7253,5121,"MT",7254,2090,0.287166804067051
"1354",7254,5122,"MT",7255,2133,0.293075020610058
"1355",7255,5123,"MT",7256,2235,0.307089859851608
"1356",7256,5124,"MT",7257,2254,0.309700467161308
"1357",7257,5125,"MT",7258,2256,0.30997526793075
"1358",7258,5126,"MT",7259,2253,0.309563066776587
"1359",7259,5127,"MT",7260,2255,0.309837867546029
"1360",7260,5128,"MT",7261,2235,0.307089859851608
"1361",7261,5129,"MT",7262,2218,0.304754053311349
"1362",7262,5130,"MT",7263,2206,0.303105248694696
"1363",7263,5131,"MT",7264,2279,0.313135476779335
"1364",7264,5132,"MT",7265,2435,0.334569936795823
"1365",7265,5133,"MT",7266,2472,0.339653751030503
"1366",7266,5134,"MT",7267,2486,0.341577356416598
"1367",7267,5135,"MT",7268,2484,0.341302555647156
"1368",7268,5136,"MT",7269,2480,0.340752954108271
"1369",7269,5137,"MT",7270,2279,0.313135476779335
"1370",7270,5138,"MT",7271,2152,0.295685627919758
"1371",7271,5139,"MT",7272,2122,0.291563616378126
"1372",7272,5140,"MT",7273,2116,0.290739214069799
"1373",7273,5141,"MT",7275,2123,0.291701016762847
"1374",7274,5141,"MT",7275,2123,0.291701016762847
"1375",7275,5142,"MT",7276,2114,0.290464413300357
"1376",7276,5143,"MT",7277,2075,0.285105798296235
"1377",7277,5144,"MT",7278,2051,0.281808189062929
"1378",7278,5145,"MT",7279,2037,0.279884583676834
"1379",7279,5146,"MT",7280,2010,0.276174773289365
"1380",7280,5147,"MT",7281,1998,0.274525968672712
"1381",7281,5148,"MT",7282,2018,0.277273976367134
"1382",7282,5149,"MT",7283,2039,0.280159384446276
"1383",7283,5150,"MT",7284,2021,0.277686177521297
"1384",7284,5151,"MT",7285,2001,0.274938169826876
"1385",7285,5152,"MT",7286,1945,0.267243748282495
"1386",7286,5153,"MT",7287,1370,0.188238527067876
"1387",7287,5154,"MT",7288,1018,0.139873591646057
"1388",7288,5155,"MT",7289,534,0.0733718054410552
"1389",7289,5156,"MT",7290,493,0.0677383896674911
"1390",7290,5157,"MT",7291,485,0.0666391865897225
"1391",7291,5158,"MT",7293,474,0.0651277823577906
"1392",7292,5158,"MT",7293,474,0.0651277823577906
"1393",7293,5159,"MT",7294,471,0.0647155812036274
"1394",7294,5160,"MT",7295,453,0.062242374278648
"1395",7295,5161,"MT",7296,448,0.0615553723550426
"1396",7296,5162,"MT",7297,393,0.0539983511953833
"1397",7297,5163,"MT",7298,183,0.0251442704039571
"1398",7298,5164,"MT",7299,110,0.0151140423193185
"1399",7299,5165,"MT",7300,100,0.0137400384721077
"1400",7300,5166,"MT",7301,92,0.0126408353943391
"1401",7301,5167,"MT",7302,91,0.012503435009618
"1402",7302,5168,"MT",7303,90,0.012366034624897
"1403",7303,5169,"MT",7304,91,0.012503435009618
"1404",7304,5170,"MT",7305,92,0.0126408353943391
"1405",7305,5171,"MT",7306,90,0.012366034624897
"1406",7306,5172,"MT",7307,89,0.0122286342401759
"1407",7307,5173,"MT",7308,85,0.0116790327012916
"1408",7308,5174,"MT",7309,84,0.0115416323165705
"1409",7309,5175,"MT",7310,81,0.0111294311624073
"1410",7310,5176,"MT",7311,79,0.0108546303929651
"1411",7311,5177,"MT",7312,78,0.010717230008244
"1412",7312,5178,"MT",7313,77,0.0105798296235229
"1413",7313,5179,"MT",7314,74,0.0101676284693597
"1414",7314,5180,"MT",7315,78,0.010717230008244
"1415",7315,5181,"MT",7316,82,0.0112668315471283
"1416",7316,5182,"MT",7317,47,0.00645781808189063
"1417",7317,5183,"MT",7318,39,0.00535861500412201
"1418",7318,5184,"MT",7319,34,0.00467161308051663
"1419",7319,5185,"MT",7320,36,0.00494641384995878
"1420",7320,5186,"MT",7321,114,0.0156636438582028
"1421",7321,5187,"MT",7322,403,0.0553723550425941
"1422",7322,5188,"MT",7323,540,0.0741962077493817
"1423",7323,5189,"MT",7324,560,0.0769442154438032
"1424",7324,5190,"MT",7325,585,0.0803792250618302
"1425",7325,5191,"MT",7326,586,0.0805166254465512
"1426",7326,5192,"MT",7327,590,0.0810662269854356
"1427",7327,5193,"MT",7328,602,0.0827150316020885
"1428",7328,5194,"MT",7330,611,0.0839516350645782
"1429",7329,5194,"MT",7330,611,0.0839516350645782
"1430",7330,5195,"MT",7332,618,0.0849134377576257
"1431",7331,5195,"MT",7332,618,0.0849134377576257
"1432",7332,5196,"MT",7333,620,0.0851882385270679
"1433",7333,5197,"MT",7335,625,0.0858752404506733
"1434",7334,5197,"MT",7335,625,0.0858752404506733
"1435",7335,5198,"MT",7336,631,0.0866996427589997
"1436",7336,5199,"MT",7337,674,0.092607859302006
"1437",7337,5200,"MT",7338,688,0.0945314646881011
"1438",7338,5201,"MT",7339,706,0.0970046716130805
"1439",7339,5202,"MT",7340,709,0.0974168727672437
"1440",7340,5203,"MT",7341,710,0.0975542731519648
"1441",7341,5204,"MT",7342,715,0.0982412750755702
"1442",7342,5205,"MT",7343,716,0.0983786754602913
"1443",7343,5206,"MT",7344,719,0.0987908766144545
"1444",7344,5207,"MT",7345,726,0.0997526793075021
"1445",7345,5208,"MT",7346,729,0.100164880461665
"1446",7346,5209,"MT",7347,730,0.100302280846386
"1447",7347,5210,"MT",7348,732,0.100577081615829
"1448",7348,5211,"MT",7349,737,0.101264083539434
"1449",7349,5212,"MT",7351,735,0.100989282769992
"1450",7350,5212,"MT",7351,735,0.100989282769992
"1451",7351,5213,"MT",7352,754,0.103599890079692
"1452",7352,5214,"MT",7353,768,0.105523495465787
"1453",7353,5215,"MT",7354,814,0.111843913162957
"1454",7354,5216,"MT",7355,1001,0.137537785105798
"1455",7355,5217,"MT",7356,1027,0.141110195108546
"1456",7356,5218,"MT",7357,737,0.101264083539434
"1457",7357,5219,"MT",7358,556,0.0763946139049189
"1458",7358,5220,"MT",7359,555,0.0762572135201979
"1459",7359,5221,"MT",7360,543,0.0746084089035449
"1460",7360,5222,"MT",7361,531,0.072959604286892
"1461",7361,5223,"MT",7362,528,0.0725474031327288
"1462",7362,5224,"MT",7363,522,0.0717230008244023
"1463",7363,5225,"MT",7364,523,0.0718604012091234
"1464",7364,5226,"MT",7365,524,0.0719978015938445
"1465",7365,5227,"MT",7366,522,0.0717230008244023
"1466",7366,5228,"MT",7367,520,0.0714482000549602
"1467",7367,5229,"MT",7368,516,0.0708985985160758
"1468",7368,5230,"MT",7369,514,0.0706237977466337
"1469",7369,5231,"MT",7370,506,0.0695245946688651
"1470",7370,5232,"MT",7371,489,0.0671887881286068
"1471",7371,5233,"MT",7372,463,0.0636163781258588
"1472",7372,5234,"MT",7373,439,0.0603187688925529
"1473",7373,5235,"MT",7374,438,0.0601813685078318
"1474",7374,5236,"MT",7375,437,0.0600439681231107
"1475",7375,5237,"MT",7377,440,0.060456169277274
"1476",7376,5237,"MT",7377,440,0.060456169277274
"1477",7377,5238,"MT",7378,406,0.0557845561967574
"1478",7378,5239,"MT",7379,405,0.0556471558120363
"1479",7379,5240,"MT",7380,409,0.0561967573509206
"1480",7380,5241,"MT",7381,417,0.0572959604286892
"1481",7381,5242,"MT",7382,425,0.0583951635064578
"1482",7382,5243,"MT",7383,437,0.0600439681231107
"1483",7383,5244,"MT",7384,441,0.060593569661995
"1484",7384,5245,"MT",7385,445,0.0611431712008794
"1485",7385,5246,"MT",7386,461,0.0633415773564166
"1486",7386,5247,"MT",7387,425,0.0583951635064578
"1487",7387,5248,"MT",7388,288,0.0395713107996702
"1488",7388,5249,"MT",7389,199,0.0273426765594944
"1489",7389,5250,"MT",7390,178,0.0244572684803517
"1490",7390,5251,"MT",7391,177,0.0243198680956307
"1491",7391,5252,"MT",7392,175,0.0240450673261885
"1492",7392,5253,"MT",7396,170,0.0233580654025831
"1493",7393,5253,"MT",7396,170,0.0233580654025831
"1494",7394,5253,"MT",7396,170,0.0233580654025831
"1495",7395,5253,"MT",7396,170,0.0233580654025831
"1496",7396,5254,"MT",7397,166,0.0228084638636988
"1497",7397,5255,"MT",7400,164,0.0225336630942567
"1498",7398,5255,"MT",7400,164,0.0225336630942567
"1499",7399,5255,"MT",7400,164,0.0225336630942567
"1500",7400,5256,"MT",7401,165,0.0226710634789777
"1501",7401,5257,"MT",7403,164,0.0225336630942567
"1502",7402,5257,"MT",7403,164,0.0225336630942567
"1503",7403,5258,"MT",7404,161,0.0221214619400934
"1504",7404,5259,"MT",7405,158,0.0217092607859302
"1505",7405,5260,"MT",7406,159,0.0218466611706513
"1506",7406,5261,"MT",7407,158,0.0217092607859302
"1507",7407,5262,"MT",7408,156,0.021434460016488
"1508",7408,5263,"MT",7410,154,0.0211596592470459
"1509",7409,5263,"MT",7410,154,0.0211596592470459
"1510",7410,5264,"MT",7411,152,0.0208848584776037
"1511",7411,5265,"MT",7412,155,0.021297059631767
"1512",7412,5266,"MT",7413,151,0.0207474580928827
"1513",7413,5267,"MT",7414,153,0.0210222588623248
"1514",7414,5268,"MT",7415,151,0.0207474580928827
"1515",7415,5269,"MT",7416,144,0.0197856553998351
"1516",7416,5270,"MT",7417,128,0.0175872492442979
"1517",7417,5271,"MT",7418,112,0.0153888430887606
"1518",7418,5272,"MT",7419,102,0.0140148392415499
"1519",7419,5273,"MT",7420,85,0.0116790327012916
"1520",7420,5274,"MT",7421,73,0.0100302280846386
"1521",7421,5275,"MT",7422,53,0.00728222039021709
"1522",7422,5276,"MT",7423,35,0.0048090134652377
"1523",7423,5277,"MT",7425,30,0.00412201154163232
"1524",7424,5277,"MT",7425,30,0.00412201154163232
"1525",7425,5278,"MT",7426,32,0.00439681231107447
"1526",7426,5279,"MT",7427,87,0.0119538334707337
"1527",7427,5280,"MT",7428,96,0.0131904369332234
"1528",7428,5281,"MT",7429,94,0.0129156361637813
"1529",7429,5282,"MT",7430,96,0.0131904369332234
"1530",7430,5283,"MT",7431,97,0.0133278373179445
"1531",7431,5284,"MT",7432,98,0.0134652377026656
"1532",7432,5285,"MT",7434,107,0.0147018411651553
"1533",7433,5285,"MT",7434,107,0.0147018411651553
"1534",7434,5286,"MT",7435,106,0.0145644407804342
"1535",7435,5287,"MT",7436,104,0.014289640010992
"1536",7436,5288,"MT",7437,103,0.014152239626271
"1537",7437,5289,"MT",7440,104,0.014289640010992
"1538",7438,5289,"MT",7440,104,0.014289640010992
"1539",7439,5289,"MT",7440,104,0.014289640010992
"1540",7440,5290,"MT",7441,103,0.014152239626271
"1541",7441,5291,"MT",7442,102,0.0140148392415499
"1542",7442,5292,"MT",7443,103,0.014152239626271
"1543",7443,5293,"MT",7445,104,0.014289640010992
"1544",7444,5293,"MT",7445,104,0.014289640010992
