Position,Base,Mismatches...Deletions
1,A,0
2,C,0
3,T,
4,G,
5,A,0.018882878659849136
6,T,
7,G,
8,T,
9,T,
10,C,0.030806545338172998
11,G,
12,C,0.04591199
13,C,0.042699254
14,G,
15,A,0.035979542
16,C,0.080671054
17,C,0.043878057
18,G,
19,T,
20,T,
21,G,
22,A,0.048727613
23,C,0.06168093
24,T,
25,A,0.037366058302623927
26,T,
27,T,
28,C,0.038300378018865634
29,T,
30,C,0.048080995
31,T,
32,A,0.036833258
33,C,0.058846473
34,A,0.03016764
35,A,0.028823669393141398
36,A,0.031467062
37,C,0.050842407
38,C,0.043321534
39,A,0.023223313
40,C,0.061836623
41,A,0.038323836
42,A,0.037920986697304856
43,A,0.035394481
44,G,
45,A,0.046715216377694546
46,C,0.057847519232693045
47,A,0.045704105
48,T,
49,T,
50,G,
51,G,
52,A,0.048640861
53,A,0.050148395
54,C,0.058868743
55,A,0.041626099953062726
56,C,0.067263001
57,T,
58,A,0.032010279
59,T,
60,A,0.041484199285565786
61,C,0.068963298
62,C,0.04014125
63,T,
64,A,0.042696445
65,T,
66,T,
67,A,0.023095317898642487
68,T,
69,T,
70,C,0.033558293
71,G,
72,G,
73,C,0.021424882414315515
74,G,
75,C,0.034210314799685414
76,A,0.028563018938314966
77,T,
78,G,
79,A,0.019906125836063125
80,G,
81,C,0.013425539303878992
82,T,
83,G,
84,G,
85,A,0.033822077114275526
86,G,
87,T,
88,C,0.012587027590154252
89,C,0.010092960989032123
90,T,
91,A,0.040112949
92,G,
93,G,
94,C,0.014810379
95,A,0.030607588624546742
96,C,0.010999043
97,A,0.010131811374733063
98,G,
99,C,0.006630244
100,T,
101,C,0.005145324
102,T,
103,A,0.0253527
104,A,0.067796583
105,G,
106,C,0.024889229360725455
107,C,0.006419135
108,T,
109,C,0.033830007
110,C,0.037532288830564774
111,T,
112,T,
113,A,0.016862927
114,T,
115,T,
116,C,0.071964162
117,G,
118,A,0.042191471989318566
119,G,
120,C,0.028570946
121,C,0.032490656071829584
122,G,
123,A,0.054531627
124,G,
125,C,0.010586936322619412
126,T,
127,G,
128,G,
129,G,
130,C,0.016118557
131,C,0.016055887035366215
132,A,0.03429516
133,G,
134,C,0.034772851297331694
135,C,0.031889538
136,A,0.034409375
137,G,
138,G,
139,C,0.036284414
140,A,0.054224744
141,A,0.043150578
142,C,0.052027917
143,C,0.034684
144,T,
145,T,
146,C,0.037789893
147,T,
148,A,0.041363556
149,G,
150,G,
151,T,
152,A,0.020931342081604278
153,A,0.017592648091967006
154,C,0.022641588671476635
155,G,
156,A,0.048812005
157,C,0.052810913
158,C,0.054846369
159,A,0.031404219
160,C,0.058777092
161,A,0.026750051
162,T,
163,C,0.059522451667466246
164,T,
165,A,0.051632634479397484
166,C,0.056657238059807345
167,A,0.038582626
168,A,0.056315391
169,C,0.022508677
170,G,
171,T,
172,T,
173,A,0.014002573106556799
174,T,
175,C,0.021304303
176,G,
177,T,
178,C,0.04991834
179,A,0.049960963
180,C,0.047816901
181,A,0.051028284
182,G,
183,C,0.024082888379802114
184,C,0.019809793
185,C,0.016514882698029434
186,A,0.017132492877525423
187,T,
188,G,
189,C,0.020138893
190,A,0.036352404
191,T,
192,T,
193,T,
194,G,
195,T,
196,A,0.037373914
197,A,0.029817452357071214
198,T,
199,A,0.035728362
200,A,0.032002207
201,T,
202,C,0.068014119
203,T,
204,T,
205,C,0.037159838
206,T,
207,T,
208,C,0.04438878
209,A,0.047994532
210,T,
211,A,0.055193874301832486
212,G,
213,T,
214,A,0.057359787
215,A,0.038520856
216,T,
217,A,0.050375124
218,C,0.067934632
219,C,0.046717414
220,C,0.02667337
221,A,0.037580536623593196
222,T,
223,C,0.036563874
224,A,0.034807176357932214
225,T,
226,A,0.035287644145662926
227,A,0.030983
228,T,
229,C,0.013302550428872194
230,G,
231,G,
232,A,0.025850010611650927
233,G,
234,G,
235,C,0.016155750343353658
236,T,
237,T,
238,T,
239,G,
240,G,
241,C,0.04354988
242,A,0.021767682
243,A,0.017489351453758052
244,C,0.016668243
245,T,
246,G,
247,A,0.038497773
248,C,0.056695162
249,T,
250,A,0.041082694313907056
251,G,
252,T,
253,T,
254,C,0.044547413
255,C,0.032340918
256,C,0.029169273
257,C,0.015437548
258,T,
259,A,0.038953976103303284
260,A,0.039643467
261,T,
262,A,0.040782905
263,A,0.042861383
264,T,
265,C,0.028154472002000462
266,G,
267,G,
268,T,
269,G,
270,C,0.013774109708999461
271,C,0.006650477
272,C,0.019330546930610655
273,C,0.007518693
274,C,0.007317758
275,G,
276,A,0.011934218
277,T,
278,A,0.024502018772750954
279,T,
280,G,
281,G,
282,C,0.065039068
283,G,
284,T,
285,T,
286,T,
287,C,0.053179863
288,C,0.064002003
289,C,0.050440689
290,C,0.048858882
291,G,
292,C,0.044078643
293,A,0.038306289
294,T,
295,A,0.042438788
296,A,0.034774452
297,A,0.041049346
298,C,0.065177
299,A,0.036100129
300,A,0.036534156837927254
301,C,0.060409266316103334
302,A,0.045597353
303,T,
304,A,0.043427328395783504
305,A,0.042774275650332254
306,G,
307,C,0.054851638
308,T,
309,T,
310,C,0.042134861
311,T,
312,G,
313,A,0.049817006
314,C,0.053499192
315,T,
316,C,0.058018886
317,T,
318,T,
319,A,0.037044356
320,C,0.066711168
321,C,0.041570575
322,T,
323,C,0.053329098
324,C,0.040591401
325,C,0.0370694
326,T,
327,C,0.047161568
328,T,
329,C,0.039947982836678185
330,T,
331,C,0.046935123732909964
332,C,0.027168735137574406
333,T,
334,A,0.059335584378461426
335,C,0.042692017461103404
336,T,
337,C,0.033282917
338,C,0.019723091433762087
339,T,
340,G,
341,C,0.037429441
342,T,
343,C,0.045551334
344,G,
345,C,0.019408750542395055
346,A,0.021292459220938396
347,T,
348,C,0.029389573
349,T,
350,G,
351,C,0.014150353198703928
352,T,
353,A,0.022410188
354,T,
355,A,0.043563732
356,G,
357,T,
358,G,
359,G,
360,A,0.019530448
361,G,
362,G,
363,C,0.06506238
364,C,0.066209779
365,G,
366,G,
367,A,0.013253578771144168
368,G,
369,C,0.12500012862559298
370,A,0.023367538
371,G,
372,G,
373,A,0.028095187322806293
374,A,0.048877198
375,C,0.072724917
376,A,0.035096648
377,G,
378,G,
379,T,
380,T,
381,G,
382,A,0.045016305
383,A,0.044917172
384,C,0.081785991
385,A,0.047375996029759136
386,G,
387,T,
388,C,0.015913243626894738
389,T,
390,A,0.020988077
391,C,0.022956663409861137
392,C,0.048747324628506526
393,C,0.034815404397859046
394,T,
395,C,0.008173986
396,C,0.013111514
397,C,0.016502648208552923
398,T,
399,T,
400,A,0.044398105
401,G,
402,C,0.062305465
403,A,0.022868426
404,G,
405,G,
406,G,
407,A,0.017118050561889055
408,A,0.049732764578114104
409,C,0.055372418848685025
410,T,
411,A,0.06972877
412,C,0.021833352
413,T,
414,C,0.024913748
415,C,0.016352878740186254
416,C,0.061091721
417,A,0.030993761120423582
418,C,0.058362109
419,C,0.037965332618257026
420,C,0.029400003398730435
421,T,
422,G,
423,G,
424,A,0.015678445
425,G,
426,C,0.070425106
427,C,0.019227455985776833
428,T,
429,C,0.036596689095839074
430,C,0.049522878
431,G,
432,T,
433,A,0.018436194980213847
434,G,
435,A,0.018221666365452967
436,C,0.021217825691397445
437,C,0.007729886
438,T,
439,A,0.028586828861440348
440,A,0.027633251
441,C,0.041170496348726035
442,C,0.022728274
443,A,0.037496011179880134
444,T,
445,C,0.03631123
446,T,
447,T,
448,C,0.032506963077812104
449,T,
450,C,0.032456471
451,C,0.023450559
452,T,
453,T,
454,A,0.023764439
455,C,0.021197588564989305
456,A,0.018628936
457,C,0.020697396
458,C,0.022242524
459,T,
460,A,0.037888477
461,G,
462,C,0.0334869
463,A,0.031549676332390836
464,G,
465,G,
466,T,
467,G,
468,T,
469,C,0.0545377
470,T,
471,C,0.040626565752347674
472,C,0.026106930287194633
473,T,
474,C,0.043506333466844106
475,T,
476,A,0.038368947608160855
477,T,
478,C,0.057598008692169224
479,T,
480,T,
481,A,0.022368205
482,G,
483,G,
484,G,
485,G,
486,C,0.07208678
487,C,0.033220535
488,A,0.031864416
489,T,
490,C,0.050402247430055565
491,A,0.021116406
492,A,0.037610935
493,T,
494,T,
495,T,
496,C,0.038967954
497,A,0.036466152637826335
498,T,
499,C,0.11132098688614822
500,A,0.042960096643791745
501,C,0.089206709
502,A,0.027031696983612068
503,A,0.045919383
504,C,0.09375569
505,A,0.022797407853788972
506,A,0.024445871518072086
507,T,
508,T,
509,A,0.026402183252947797
510,T,
511,C,0.058318217
512,A,0.027657905145452254
513,A,0.027118911
514,T,
515,A,0.031394193566258846
516,T,
517,A,0.028065673973134354
518,A,0.019894764292874956
519,A,0.035095165641422954
520,A,0.044682064
521,C,0.054231692
522,C,0.042105327
523,C,0.043748927060234685
524,C,0.042096867
525,C,0.028622673
526,T,
527,G,
528,C,0.060817937
529,C,0.046391154458662626
530,A,0.037272355
531,T,
532,A,0.044673321
533,A,0.040596815
534,C,0.076424723
535,C,0.074740408
536,C,0.042516871
537,A,0.027373077612475354
538,A,0.044911389
539,T,
540,A,0.053106007
541,C,0.060207859244398504
542,C,0.044370616
543,A,0.026645106
544,A,0.044198894155042884
545,A,0.057244507
546,C,0.10586175937878134
547,G,
548,C,0.060415447
549,C,0.041636842
550,C,0.042296939962521145
551,C,0.037575699538667316
552,T,
553,C,0.052800246
554,T,
555,T,
556,C,0.048802674
557,G,
558,T,
559,C,0.049033125431464444
560,T,
561,G,
562,A,0.042821989
563,T,
564,C,0.058147218
565,C,0.053192164
566,G,
567,T,
568,C,0.05868184
569,C,0.033310852
570,T,
571,A,0.033886059319606615
572,A,0.042526508735332216
573,T,
574,C,0.058705211303306006
575,A,0.04292213
576,C,0.024342211745598783
577,A,0.020588277259809634
578,G,
579,C,0.022603776
580,A,0.021240587479383864
581,G,
582,T,
583,C,0.049794168
584,C,0.034496738633850214
585,T,
586,A,0.035710155
587,C,0.056593161510134916
588,T,
589,T,
590,C,0.043021162
591,T,
592,C,0.082786556
593,C,0.036867684
594,T,
595,A,0.044937468
596,T,
597,C,0.059250098
598,T,
599,C,0.058807788
600,T,
601,C,0.086908245
602,C,0.050926579
603,C,0.027467252317989313
604,A,0.030510833604708954
605,G,
606,T,
607,C,0.039832543424903166
608,C,0.033387034694583255
609,T,
610,A,0.046889398
611,G,
612,C,0.019356897
613,T,
614,G,
615,C,0.00738812
616,T,
617,G,
618,G,
619,C,0.078068427
620,A,0.039992554585958795
621,T,
622,C,0.044453494
623,A,0.054717503
624,C,0.062715245
625,T,
626,A,0.044453746
627,T,
628,A,0.042991142
629,C,0.058849205785367786
630,T,
631,A,0.044427798
632,C,0.056771793778246225
633,T,
634,A,0.046870859
635,A,0.043491438
636,C,0.044014566
637,A,0.043135609
638,G,
639,A,0.03264921
640,C,0.038595825
641,C,0.035897592
642,G,
643,C,0.059013992
644,A,0.043610238184885824
645,A,0.052943821
646,C,0.078121759
647,C,0.048083036
648,T,
649,C,0.067046659
650,A,0.044305566
651,A,0.046966538559578094
652,C,0.065477831
653,A,0.046444409
654,C,0.065739347
655,C,0.041495375
656,A,0.042849281
657,C,0.011795476773203186
658,C,0.00872226
659,T,
660,T,
661,C,0.006578035
662,T,
663,T,
664,C,0.007648215
665,G,
666,A,0.038472138
667,C,0.023881973574440496
668,C,0.034579182
669,C,0.036558159
670,C,0.046186933
671,G,
672,C,0.034462271
673,C,0.006475402
674,G,
675,G,
676,A,0.019030274306946718
677,G,
678,G,
679,A,0.029359628208069647
680,G,
681,G,
682,A,0.059550079
683,G,
684,A,0.048432424
685,C,0.092849475
686,C,0.063616598
687,C,0.054376424
688,C,0.038419468
689,A,0.034332684
690,T,
691,T,
692,C,0.037810508828752414
693,T,
694,A,0.036293003655611125
695,T,
696,A,0.041657223
697,C,0.07816554
698,C,0.052354188055340194
699,A,0.033916085
700,A,0.039452422
701,C,0.056301122
702,A,0.039781459
703,C,0.081849913
704,C,0.028634573
705,T,
706,A,0.049324485
707,T,
708,T,
709,C,0.045757011
710,T,
711,G,
712,A,0.024289068992651097
713,T,
714,T,
715,T,
716,T,
717,T,
718,C,0.026280805832560317
719,G,
720,G,
721,T,
722,C,0.037657883011511614
723,A,0.049401727
724,C,0.076623613
725,C,0.024088423556606103
726,C,0.014595291199683932
727,T,
728,G,
729,A,0.014839398445890956
730,A,0.021801060057152318
731,G,
732,T,
733,T,
734,T,
735,A,0.024059054385096625
736,T,
737,A,0.038266394
738,T,
739,T,
740,C,0.056427228243105094
741,T,
742,T,
743,A,0.011100728910117671
744,T,
745,C,0.070385975
746,C,0.034933813084752935
747,T,
748,A,0.040724186
749,C,0.055871488
750,C,0.044763185
751,A,0.026767975
752,G,
753,G,
754,C,0.037004332646573504
755,T,
756,T,
757,C,0.020438568936953613
758,G,
759,G,
760,A,0.031000712674685727
761,A,0.037037776930529925
762,T,
763,A,0.036586582849434376
764,A,0.032269989
765,T,
766,C,0.042612659
767,T,
768,C,0.05799766
769,C,0.059601932236561975
770,C,0.04834989
771,A,0.029682417230823547
772,T,
773,A,0.038046101
774,T,
775,T,
776,G,
777,T,
778,A,0.041324828150420836
779,A,0.038237631
780,C,0.065625867
781,T,
782,T,
783,A,0.027671145819966148
784,C,0.060307560069900366
785,T,
786,A,0.045686187229654444
787,C,0.044518261679831965
788,T,
789,C,0.034648198
790,C,0.035802127
791,G,
792,G,
793,A,
794,A,
795,A,
796,A,
797,A,
798,A,
799,A,
800,G,
801,A,0.022549068216876713
802,A,0.041516755
803,C,0.027314842978400585
804,C,0.015881647861607524
805,A,0.016478385419953032
806,T,
807,T,
808,T,
809,G,
810,G,
811,A,0.006976574
812,T,
813,A,0.012467534314469876
814,C,0.021685207330453163
815,A,0.014247021571977122
816,T,
817,A,0.010760744058605354
818,G,
819,G,
820,T,
821,A,0.046810799
822,T,
823,G,
824,G,
825,T,
826,C,0.022755347548346537
827,T,
828,G,
829,A,0.062251563
830,G,
831,C,0.013792407368856363
832,T,
833,A,0.013247100848439932
834,T,
835,G,
836,A,0.036057155
837,T,
838,A,0.017223273739057944
839,T,
840,C,0.018787788
841,A,0.018805939
842,A,0.018994531616867674
843,T,
844,T,
845,G,
846,G,
847,C,0.044556455
848,T,
849,T,
850,C,0.019417133970088225
851,C,0.016625816616893153
852,T,
853,A,0.058480848408228474
854,G,
855,G,
856,G,
857,T,
858,T,
859,T,
860,A,0.027812818
861,T,
862,C,0.022401186148814718
863,G,
864,T,
865,G,
866,T,
867,G,
868,A,0.044701413733373885
869,G,
870,C,0.033076721080831054
871,A,0.034728481557324754
872,C,0.033908715
873,A,0.034821263
874,C,0.041136548
875,C,0.03416958
876,A,0.026221241603627366
877,T,
878,A,0.025758284270322018
879,T,
880,A,0.016470177345174277
881,T,
882,T,
883,T,
884,A,0.027568563
885,C,0.056563083
886,A,0.046116569
887,G,
888,T,
889,A,0.038961843799530806
890,G,
891,G,
892,A,0.031522263
893,A,0.035784684815899484
894,T,
895,A,0.038435342
896,G,
897,A,0.035803197929982405
898,C,0.060732298
899,G,
900,T,
901,A,0.044116769
902,G,
903,A,0.050171931046374726
904,C,0.028637127884093398
905,A,0.023941499978679233
906,C,0.027086301
907,A,0.023396577795206718
908,C,0.033728024
909,G,
910,A,0.027253825920172142
911,G,
912,C,0.064220412
913,A,0.045256607
914,T,
915,A,0.037615379
916,T,
917,T,
918,T,
919,C,0.051414446
920,A,0.05076098
921,C,0.0942615
922,C,0.055783227
923,T,
924,C,0.05867017
925,C,0.077581224
926,G,
927,C,0.046771841050990144
928,T,
929,A,0.056946045
930,C,0.064914769
931,C,0.048534338189313075
932,A,0.032758695
933,T,
934,A,0.044703965
935,A,0.047733541
936,T,
937,C,0.044772968
938,A,0.045708859
939,T,
940,C,0.056454573569169685
941,G,
942,C,0.031634303
943,T,
944,A,0.051670612
945,T,
946,C,0.039206104
947,C,0.029723103
948,C,0.044774064
949,C,0.044294382
950,A,0.055499212
951,C,0.06837149
952,C,0.037343571
953,G,
954,G,
955,C,0.020118686600348212
956,G,
957,T,
958,C,0.028676608409031686
959,A,0.037466956
960,A,0.038877940740482377
961,A,0.030025646
962,G,
963,T,
964,A,0.041994534097732544
965,T,
966,T,
967,T,
968,A,0.045059455
969,G,
970,C,0.026298473926533415
971,T,
972,G,
973,A,0.052349213
974,C,0.046864880777156316
975,T,
976,C,0.024897769
977,G,
978,C,0.010987181974727754
979,C,0.012084322548066415
980,A,0.029428084542689144
981,C,0.061557852677147855
982,A,0.039641292930655665
983,C,0.051166
984,T,
985,C,0.042849021
986,C,0.039546616
987,A,0.037696052
988,C,0.078040747
989,G,
990,G,
991,A,0.021209093100026527
992,A,0.026066761
993,G,
994,C,0.033898452176539695
995,A,0.038804454
996,A,0.035197347
997,T,
998,A,0.041810659260849016
999,T,
1000,G,
1001,A,0.024818771
1002,A,0.048571491748925937
1003,A,0.032878426
1004,T,
1005,G,
1006,A,0.036568788256129636
1007,T,
1008,C,0.048263822289684524
1009,T,
1010,G,
1011,C,0.011027533118313837
1012,T,
1013,G,
1014,C,0.014250745451341258
1015,A,0.012702814
1016,G,
1017,T,
1018,G,
1019,C,0.008565293
1020,T,
1021,C,0.033821814
1022,T,
1023,G,
1024,A,0.037448293
1025,G,
1026,C,0.020007572
1027,C,0.018353459051032885
1028,C,0.020688706
1029,T,
1030,A,0.022768128100657006
1031,G,
1032,G,
1033,A,0.033227937
1034,T,
1035,T,
1036,C,0.032396678102146456
1037,A,0.029815835412860262
1038,T,
1039,C,0.045990128
1040,T,
1041,T,
1042,T,
1043,C,0.053505477
1044,T,
1045,T,
1046,T,
1047,T,
1048,C,0.046422447
1049,A,0.039061665
1050,C,0.050204774902584744
1051,C,0.017232665188834456
1052,G,
1053,T,
1054,A,0.025308217431337966
1055,G,
1056,G,
1057,T,
1058,G,
1059,G,
1060,C,0.008321357
1061,C,0.006638365
1062,T,
1063,G,
1064,A,0.054763568
1065,C,0.043795057345855065
1066,T,
1067,G,
1068,G,
1069,C,0.00672616
1070,A,0.011663638
1071,T,
1072,T,
1073,G,
1074,T,
1075,A,0.033712762
1076,T,
1077,T,
1078,A,0.023147621
1079,G,
1080,C,0.019185376074114063
1081,A,0.021966652
1082,A,0.037345624
1083,A,0.03830592
1084,C,0.059360444526098524
1085,T,
1086,C,0.037281599
1087,A,0.032692902
1088,T,
1089,C,0.052298626
1090,A,0.053227007
1091,C,0.063762037
1092,T,
1093,A,0.053598421
1094,G,
1095,A,0.032845281
1096,C,0.026217102
1097,A,0.025600426785620856
1098,T,
1099,C,0.019275146189397352
1100,G,
1101,T,
1102,A,0.031035175049481445
1103,C,0.033933891
1104,T,
1105,A,0.01711918
1106,C,0.016171469
1107,A,0.041300347
1108,C,0.059274163
1109,G,
1110,A,0.049968346
1111,C,0.069641336
1112,A,0.037493275
1113,C,0.06282715
1114,G,
1115,T,
1116,A,0.023983849700662554
1117,C,0.039699446
1118,T,
1119,A,0.016115805891304374
1120,C,0.015851884911440666
1121,G,
1122,T,
1123,T,
1124,G,
1125,T,
1126,A,0.038734761
1127,G,
1128,C,0.054691046
1129,C,
1130,C,0.044734125
1131,A,0.037096596
1132,C,0.047222436469806776
1133,T,
1134,T,
1135,C,0.055033748
1136,C,0.038826271
1137,A,0.041218337
1138,C,0.04961961
1139,T,
1140,A,0.045396802634302486
1141,T,
1142,G,
1143,T,
1144,C,0.05541606
1145,C,0.038000961
1146,T,
1147,A,0.041821916
1148,T,
1149,C,0.038967735789671366
1150,A,0.03821344
1151,A,0.065088528
1152,T,
1153,A,0.012433884409200461
1154,G,
1155,G,
1156,A,0.022491802710973615
1157,G,
1158,C,0.044523803709018414
1159,T,
1160,G,
1161,T,
1162,A,0.018260586
1163,T,
1164,T,
1165,T,
1166,G,
1167,C,0.010524743
1168,C,0.005359507
1169,A,0.035590544
1170,T,
1171,C,0.046259229
1172,A,0.013761632421490921
1173,T,
1174,A,0.012236714850981734
1175,G,
1176,G,
1177,A,0.0335431
1178,G,
1179,G,
1180,C,0.098680502
1181,T,
1182,T,
1183,C,0.015229070886346627
1184,A,0.023635611
1185,T,
1186,T,
1187,C,0.085906204
1188,A,0.043926862
1189,C,0.069933825
1190,T,
1191,G,
1192,A,0.020868559890637687
1193,T,
1194,T,
1195,T,
1196,C,0.011920013
1197,C,0.016772511963480577
1198,C,0.014142817443700285
1199,C,0.005956277
1200,T,
1201,A,0.01404578
1202,T,
1203,T,
1204,C,0.046845471613962415
1205,T,
1206,C,0.054435537
1207,A,0.049772850942654615
1208,G,
1209,G,
1210,C,0.010982446966511015
1211,T,
1212,A,0.019145659299722666
1213,C,0.017001181222996594
1214,A,0.018235005389353007
1215,C,0.022040435022063733
1216,C,0.014264135925391335
1217,C,0.010951517
1218,T,
1219,A,0.023285954040849675
1220,G,
1221,A,0.048193109
1222,C,0.060770449
1223,C,0.018981635333084727
1224,A,0.024354075141995748
1225,A,0.035779375
1226,A,0.034200870005886896
1227,C,0.070119336
1228,C,0.045978391867779016
1229,T,
1230,A,0.012360712
1231,C,0.010380374
1232,G,
1233,C,0.007388971
1234,C,0.006658672
1235,A,0.024342098
1236,A,0.021068975213553505
1237,A,0.034560144542314784
1238,A,0.033431461990085155
1239,T,
1240,C,0.056085442539192856
1241,C,0.031939726
1242,A,0.034500811
1243,T,
1244,T,
1245,T,
1246,C,0.061851654
1247,A,0.040585369257983346
1248,C,0.052969533
1249,T,
1250,A,0.045174255
1251,T,
1252,C,0.06144084
1253,A,0.040714547
1254,T,
1255,A,0.041988412082806494
1256,T,
1257,T,
1258,C,0.049130838
1259,A,0.045969357
1260,T,
1261,C,0.05122131
1262,G,
1263,G,
1264,C,0.014301965699292553
1265,G,
1266,T,
1267,A,0.008506564
1268,A,0.033994713
1269,A,0.042542856664536076
1270,T,
1271,C,0.053221227
1272,T,
1273,A,0.050337884
1274,A,0.11777826371658798
1275,C,0.022442955895884437
1276,T,
1277,T,
1278,T,
1279,C,0.059623822402007615
1280,T,
1281,T,
1282,C,0.058265681
1283,C,0.049275778
1284,C,0.042016645120076995
1285,A,0.04399048
1286,C,0.060601320669564335
1287,A,0.058512054283552835
1288,A,0.058198601
1289,C,0.070675176
1290,A,0.064414722
1291,C,0.081463384
1292,T,
1293,T,
1294,T,
1295,C,0.036240034
1296,T,
1297,C,0.03670881
1298,G,
1299,G,
1300,C,0.05079079
1301,C,0.021644877517265446
1302,T,
1303,A,0.066203449
1304,T,
1305,C,0.026476902
1306,C,0.020211718810217588
1307,G,
1308,G,
1309,A,0.036207070382152456
1310,A,0.036268917
1311,T,
1312,G,
1313,C,0.04425952
1314,C,0.023690282673680237
1315,C,0.030064587
1316,C,0.030480093022534963
1317,G,
1318,A,0.034292344
1319,C,0.060897329
1320,G,
1321,T,
1322,T,
1323,A,0.035586745
1324,C,0.053151849
1325,T,
1326,C,0.014573107711310061
1327,G,
1328,G,
1329,A,0.056352839
1330,C,0.042834820200231126
1331,T,
1332,A,0.058615157426085626
1333,C,0.074021507
1334,C,0.0453646
1335,C,0.014038811961288741
1336,C,0.014282757635701377
1337,G,
1338,A,0.025386980916369248
1339,T,
1340,G,
1341,C,0.057423540118528474
1342,A,0.050513129
1343,T,
1344,A,0.049887150665654204
1345,C,0.072198367
1346,A,0.049621074
1347,C,0.071579443
1348,C,0.046853471
1349,A,0.039054986
1350,C,0.063154709
1351,A,0.039471535
1352,T,
1353,G,
1354,A,0.041165251
1355,A,0.041465886037579024
1356,A,0.048289489
1357,C,0.057294133
1358,A,0.044033955
1359,T,
1360,C,0.035819999
1361,C,0.025011021687441144
1362,T,
1363,A,0.032273613660918986
1364,T,
1365,C,0.044868763
1366,A,0.039342747
1367,T,
1368,C,0.049288791
1369,T,
1370,G,
1371,T,
1372,A,0.025503543
1373,G,
1374,G,
1375,C,0.072017468
1376,T,
1377,C,0.049730173
1378,A,0.041249111637360884
1379,T,
1380,T,
1381,C,0.035252028
1382,A,0.032237549819269906
1383,T,
1384,T,
1385,T,
1386,C,0.045317607
1387,T,
1388,C,0.055725371
1389,T,
1390,A,0.048096492
1391,A,0.044819119
1392,C,0.080642546
1393,A,0.053280222
1394,G,
1395,C,0.068258547
1396,A,0.044729
1397,G,
1398,T,
1399,A,0.028913035532506997
1400,A,0.026638004
1401,T,
1402,A,0.031839263
1403,T,
1404,T,
1405,A,0.026105891059222952
1406,A,0.030815232
1407,T,
1408,A,0.029158871207795947
1409,A,0.025979361013817124
1410,T,
1411,T,
1412,T,
1413,T,
1414,C,0.044136719
1415,A,0.043563182
1416,T,
1417,G,
1418,A,0.042094888
1419,T,
1420,T,
1421,T,
1422,G,
1423,A,0.04824392
1424,G,
1425,A,0.040941916
1426,A,0.037158295
1427,G,
1428,C,0.035379705287719616
1429,C,0.033479522
1430,T,
1431,T,
1432,C,0.015853065492379758
1433,G,
1434,C,0.007270802
1435,T,
1436,T,
1437,C,0.027815228
1438,G,
1439,A,0.023271412
1440,A,0.024404662643416546
1441,G,
1442,C,0.029863366703529768
1443,G,
1444,A,0.022446198
1445,A,0.021705037652795134
1446,A,0.031119535767534047
1447,A,0.048654917172358966
1448,G,
1449,T,
1450,C,0.008604102
1451,C,0.007989829
1452,T,
1453,A,0.055309433
1454,A,0.014788775565871964
1455,T,
1456,A,0.01207052
1457,G,
1458,T,
1459,A,0.049439447092058685
1460,G,
1461,A,0.043187304713021055
1462,A,0.049662059
1463,G,
1464,A,0.044639442
1465,A,0.051218316014092616
1466,C,0.0639508
1467,C,0.023162652717110717
1468,C,0.003204224
1469,T,
1470,C,0.003216278
1471,C,0.004272267
1472,A,0.012051132780669582
1473,T,
1474,A,0.027494869882799283
1475,A,0.027307361415370223
1476,A,0.042017987
1477,C,0.077073729
1478,C,0.054132232
1479,T,
1480,G,
1481,G,
1482,A,0.008597853
1483,G,
1484,T,
1485,G,
1486,A,0.021577235730893332
1487,C,0.010146806103347497
1488,T,
1489,A,0.009660782
1490,T,
1491,A,0.046992217
1492,T,
1493,G,
1494,G,
1495,A,0.017431706392829406
1496,T,
1497,G,
1498,C,0.063290657
1499,C,0.039163368596595985
1500,C,0.053378279
1501,C,0.064886933
1502,C,0.061992524463382895
1503,C,0.056138894
1504,A,0.049948549
1505,C,0.085077318
1506,C,0.061517183527770046
1507,C,0.03450758
1508,T,
1509,A,0.055540767
1510,C,0.089242999
1511,C,0.054578892
1512,A,0.052131452632714605
1513,C,0.056653609
1514,A,0.041720715
1515,C,0.056630632195409286
1516,A,0.076060315
1517,T,
1518,T,
1519,C,0.039690234
1520,G,
1521,A,0.028145084
1522,A,0.043347456
1523,G,
1524,A,0.045679858453537434
1525,A,0.043537549
1526,C,0.093511761
1527,C,0.037837426358122206
1528,C,0.054100352
1529,G,
1530,T,
1531,A,0.049389484
1532,T,
1533,A,0.034227087
1534,C,0.090876352
1535,A,0.036523685
1536,T,
1537,A,0.031032313
1538,A,0.017482322
1539,A,0.027722076048896028
1540,A,0.026250962
1541,T,
1542,C,0.053986338
1543,T,
1544,A,0.10553009534592316
1545,G,
1546,A,0.21900139791826853
1547,C,0.10031361753212528
1548,A,
1549,A,
1550,A,
1551,A,
1552,A,
1553,A,
1554,G,
1555,G,
1556,A,0.021788694
1557,A,0.028168133418259307
1558,G,
1559,G,
1560,A,0.020594512493125956
1561,A,0.028145504133894206
1562,T,
1563,C,0.052822508
1564,G,
1565,A,0.047214020810639475
1566,A,0.058112123245861055
1567,C,0.056392363
1568,C,0.044499507585979696
1569,C,0.050728854
1570,C,0.052980434
1571,C,0.03995918
1572,C,0.033280634529328224
1573,A,0.024288437624274867
1574,A,0.028937388332546287
1575,A,0.041021167
1576,G,
1577,C,0.044825027
1578,T,
1579,G,
1580,G,
1581,T,
1582,T,
1583,T,
1584,C,0.031844402713980015
1585,A,0.034858481
1586,A,0.055349144360543744
1587,G,
1588,C,0.011296595540739422
1589,C,0.012259104695649076
1590,A,0.025639334
1591,A,0.037910513555212695
1592,C,0.073459846
1593,C,0.069116707
1594,C,0.065232751
1595,C,0.065536938
1596,A,0.042538469
1597,T,
1598,G,
1599,G,
1600,C,0.025389968
1601,C,0.034494233101153376
1602,T,
1603,C,0.023676616
1604,C,0.032000540242169424
1605,A,0.020762645081287154
1606,T,
1607,G,
1608,A,0.037710242
1609,C,0.020127223089188757
1610,T,
1611,T,
1612,T,
1613,T,
1614,T,
1615,C,0.045343213
1616,A,
1617,A,
1618,A,
1619,A,
1620,A,
1621,A,
1622,A,
1623,A,
1624,A,
1625,A,
1626,A,
1627,A,
1628,A,
1629,A,
1630,A,
1631,A,
1632,A,
1633,A,
1634,A,
1635,A,
1636,A,
1637,A,
1638,A,
1639,A,
1640,A,
1641,A,
1642,A,
1643,A,
1644,A,
1645,A,
1646,A,
1647,A,
1648,A,
1649,A,
1650,A,
1651,A,
1652,A,
1653,A,
1654,A,
1655,A,
1656,A,
1657,A,
1658,A,