,Position,React
1,1,0
2,2,0
3,3,0
4,4,0
5,5,0.556751696700211
6,6,0.221390124034636
7,7,0.396910835478586
8,8,0.385209454715656
9,9,0.40978235431781
10,10,0.465012871518839
11,11,0.685466885092441
12,12,0
13,13,0.330681020360403
14,14,0.549496840627194
15,15,0.468991340978235
16,16,0
17,17,0.762695998127779
18,18,0.925345190732506
19,19,0
20,20,0.758483501053124
21,21,1
22,22,0.818862625789843
23,23,0
24,24,0
25,25,0.373040018722209
26,26,0
27,27,0
28,28,0
29,29,0.784694593962088
30,30,0.381933068102036
31,31,0.493798268195647
32,32,0.643341914345893
33,33,0.822373040018722
34,34,0.565410718464779
35,35,0.621811373742102
36,36,0
37,37,0.557453779545987
38,38,0.701848818160543
39,39,0
40,40,0
41,41,0.695764100163819
42,42,0.750994617364849
43,43,0.55183711677978
44,44,0.721507137842265
45,45,0.315235197753335
46,46,0.337467821202902
47,47,0.467587175286684
48,48,0
49,49,0.407442078165223
50,50,0.455183711677978
51,51,0
52,52,0.64708635619003
53,53,0.47835244558858
54,54,0
55,55,0
56,56,0.76246197051252
57,57,1
58,58,0.726421717762696
59,59,0.984554177392932
60,60,0
61,61,0.844371635853031
62,62,0
63,63,0
64,64,0.730166159606834
65,65,0.593025977065294
66,66,0
67,67,0.814182073484671
68,68,0.674935642405804
69,69,0
70,70,0.871518839223028
71,71,0.588813479990639
72,72,1
73,73,0.672127311022701
74,74,0.737186988064592
75,75,0.327638661362041
76,76,0.470629534285046
77,77,1
78,78,0
79,79,0.0393166393634449
80,80,0.327872688977299
81,81,0.3210858881348
82,82,0.454481628832202
83,83,0.408612216241517
84,84,0
85,85,0.601216943599345
86,86,0
87,87,0
88,88,0.411186520009361
89,89,0.634448864966066
90,90,0.487713550198924
91,91,1
92,92,0.544816288322022
93,93,1
94,94,0.657617598876667
95,95,0.546454481628832
96,96,0.545050315937281
97,97,0.797566112801311
98,98,0
99,99,0.829159840861222
100,100,0.655979405569857
101,101,0.440673999531945
102,102,0.462438567750995
103,103,0.726421717762696
104,104,0.396208752632811
105,105,0
106,106,0.79943833372338
107,107,1
108,108,0.623215539433653
109,109,0
110,110,0.708167563772525
111,111,0.393166393634449
112,112,0.480692721741165
113,113,0
114,114,0.624619705125205
115,115,0.482096887432717
116,116,0.677041890943131
117,117,0.447460800374444
118,118,0.2843435525392
119,119,0.468757313362977
120,120,0.684530774631407
121,121,0
122,122,0.60028083313831
123,123,0.696934238240112
124,124,0.6857009127077
125,125,0.411186520009361
126,126,0
127,127,0.0428270535923239
128,128,0.231219283875497
129,129,0.21741165457524
130,130,0.37116779780014
131,131,0.365317107418675
132,132,0
133,133,0.0683360636555114
134,134,0.0519541305874093
135,135,0.22911303533817
136,136,0.192136672127311
137,137,0.218815820266791
138,138,0.319915750058507
139,139,0
140,140,0
141,141,0.673531476714252
142,142,0
143,143,0.793353615726656
144,144,0.679382167095717
145,145,1
146,146,0.609641937748654
147,147,0.569155160308917
148,148,0.734846711912006
149,149,1
150,150,0.740931429908729
151,151,0.72408144161011
152,152,0
153,153,0
154,154,0.799906388953897
155,155,0
156,156,0.59700444652469
157,157,0.601450971214603
158,158,0.985724315469225
159,159,0.889772993213199
160,160,0.299555347531009
161,161,0.322958109056869
162,162,0.369763632108589
163,163,0.291832436227475
164,164,0
165,165,0
166,166,0.260706763398081
167,167,0.327872688977299
168,168,0.940556985724315
169,169,0
170,170,0.315937280599111
171,171,0.199625555815586
172,172,0.641937748654341
173,173,0.821904984788205
174,174,0
175,175,1
176,176,0
177,177,0
178,178,0
179,179,0
180,180,0.460098291598409
181,181,0
182,182,1
183,183,0
184,184,0
185,185,0.444418441376082
186,186,0.4448864966066
187,187,0
188,188,0
189,189,0.837350807395273
190,190,0.746782120290194
191,191,0
192,192,0
193,193,0
194,194,0.644278024806927
195,195,0.2040720805055
196,196,0.686402995553475
197,197,0.535221156096419
198,198,0.639363444886497
199,199,0.533348935174351
200,200,0.97823543178095
201,201,0.54341212263047
202,202,0.553007254856073
203,203,0
204,204,0.701614790545284
205,205,0.351743505733677
206,206,0
207,207,0.804586941259069
208,208,0
209,209,0
210,210,0.323894219517903
211,211,0.252749824479289
212,212,0
213,213,0.692019658319682
214,214,1
215,215,0.899134097823543
216,216,1
217,217,0
218,218,0.467119120056167
219,219,0.425462204540136
220,220,0
221,221,0.857711209922771
222,222,0.781886262578984
223,223,0
224,224,0
225,225,0.668148841563304
226,226,1
227,227,0
228,228,0
229,229,0.585771120992277
230,230,0
231,231,0.618300959513223
232,232,0.786800842499415
233,233,0
234,234,0
235,235,0.866136204072081
236,236,0
237,237,0.947343786566815
238,238,0
239,239,0
240,240,0
241,241,0.646384273344255
242,242,0.589515562836415
243,243,0.641937748654341
244,244,0.464778843903581
245,245,0.485139246431079
246,246,0
247,247,0.788205008190967
248,248,0
249,249,0.820734846711912
250,250,0
251,251,0
252,252,0
253,253,0.527966300023403
254,254,0
255,255,0.41469693423824
256,256,0.692955768780716
257,257,0.579686402995554
258,258,0.761057804820969
259,259,0.609641937748654
260,260,0.782822373040019
261,261,0.504095483267026
262,262,0
263,263,0.666744675871753
264,264,0.549964895857711
265,265,0.32436227474842
266,266,0.571027381230985
267,267,0.60191902644512
268,268,0
269,269,0.729230049145799
270,270,0
271,271,0.746782120290194
272,272,0
273,273,0.707933536157267
274,274,0.649660659957875
275,275,0
276,276,0.867540369763632
277,277,0.629066229815118
278,278,0.573133629768313
279,279,1
280,280,0.652000936110461
281,281,0.555581558623918
282,282,0.879007722911304
283,283,0.697870348701147
284,284,0
285,285,0.719400889304938
286,286,0.709805757079335
287,287,0
288,288,0.495670489117716
289,289,0.537561432249005
290,290,0
291,291,0.724549496840627
292,292,0.582728761993915
293,293,0.807863327872689
294,294,0.446056634682893
295,295,0.490755909197285
296,296,0.746080037444418
297,297,0.554411420547625
298,298,0.580622513456588
299,299,0.47320383805289
300,300,0.546922536859349
301,301,0.916218113737421
302,302,0.509712146033232
303,303,0.542710039784695
304,304,0
305,305,0
306,306,0.624151649894688
307,307,0.778843903580622
308,308,0
309,309,0.444184413760824
310,310,0.630236367891411
311,311,0
312,312,0.835010531242687
313,313,0.623917622279429
314,314,0.640299555347531
315,315,0.594664170372104
316,316,1
317,317,0
318,318,0.575941961151416
319,319,0.588111397144863
320,320,0.907091036742336
321,321,0.586707231453311
322,322,0
323,323,0.814884156330447
324,324,0.547624619705125
325,325,0.326936578516265
326,326,0.5551135033934
327,327,0.410718464778844
328,328,1
329,329,0.329042827053592
330,330,0.510414228879008
331,331,0.448630938450737
332,332,0
333,333,0
334,334,0.61876901474374
335,335,0
336,336,0.47156564474608
337,337,0.573835712614089
338,338,0.867072314533115
339,339,0.550432951088228
340,340,0.677041890943131
341,341,0
342,342,0.742335595600281
343,343,0.88790077229113
344,344,0.628364146969342
345,345,0.96817224432483
346,346,0.512520477416335
347,347,0.499882986192371
348,348,0.858179265153288
349,349,0.551135033934004
350,350,0.845307746314065
351,351,0
352,352,0.375848350105312
353,353,0.533582962789609
354,354,0.498010765270302
355,355,0
356,356,0
357,357,0.554879475778142
358,358,0.838052890241049
359,359,0
360,360,0.611280131055465
361,361,0.631640533582963
362,362,0.878773695296045
363,363,0.55862391762228
364,364,0
365,365,0
366,366,0.537327404633747
367,367,0
368,368,0.8462438567751
369,369,0
370,370,0.981043763164053
371,371,0
372,372,0
373,373,0.873625087760356
374,374,0
375,375,0.665106482564943
376,376,0.69225368593494
377,377,0
378,378,0.628364146969342
379,379,0
380,380,0
381,381,0.712614088462439
382,382,0
383,383,0.626959981277791
384,384,0.546220454013574
385,385,0
386,386,0
387,387,0.351743505733677
388,388,0.681254388017786
389,389,0
390,390,0.858413292768547
391,391,0.374444184413761
392,392,0
393,393,0
394,394,0
395,395,0
396,396,0
397,397,0.701146735314767
398,398,0
399,399,0
400,400,0
401,401,0.696466183009595
402,402,0.488181605429441
403,403,0.589281535221156
404,404,1
405,405,0.591621811373742
406,406,0.683126608939855
407,407,0.910601450971215
408,408,0
409,409,0.703721039082612
410,410,0.656447460800374
411,411,0.756845307746314
412,412,0.390592089866604
413,413,0
414,414,0.447694827989703
415,415,0.448864966065996
416,416,0
417,417,0.724549496840627
418,418,0
419,419,0
420,420,0.666978703487011
421,421,0.521647554411421
422,422,0
423,423,0.434589281535221
424,424,0.218581792651533
425,425,0
426,426,0
427,427,0.280833138310321
428,428,0.182775567516967
429,429,0
430,430,0.332085186051954
431,431,0.246899134097824
432,432,0.426632342616429
433,433,0
434,434,0.368359466417037
435,435,0.350105312426866
436,436,0
437,437,0
438,438,0
439,439,0.732974490989937
440,440,1
441,441,0.7224432483033
442,442,0.925813245963024
443,443,0.577580154458226
444,444,0.74420781652235
445,445,0.790779311958811
446,446,0.801778609875965
447,447,0.488181605429441
448,448,0.554879475778142
449,449,0.73578282237304
450,450,0.474608003744442
451,451,0.544816288322022
452,452,0.424292066463843
453,453,0.591621811373742
454,454,0.850222326234496
455,455,0
456,456,0.561432249005383
457,457,0
458,458,0.775099461736485
459,459,0
460,460,0.771589047507606
461,461,0
462,462,0.448630938450737
463,463,0.489819798736251
464,464,0.867306342148374
465,465,0.921600748888369
466,466,0.155394336531711
467,467,0
468,468,0.677041890943131
469,469,0
470,470,0.602855136906155
471,471,0.527966300023403
472,472,0.69061549262813
473,473,0
474,474,0
475,475,0
476,476,0.594196115141587
477,477,0.266089398549029
478,478,0.657851626491926
479,479,0
480,480,0.457523987830564
481,481,0.547858647320384
482,482,0.560964193774866
483,483,0.380294874795226
484,484,0
485,485,0
486,486,0.349871284811608
487,487,0
488,488,0
489,489,0.215539433653171
490,490,0
491,491,0.536157266557454
492,492,0
493,493,0
494,494,0
495,495,0.635853030657618
496,496,1
497,497,0.351509478118418
498,498,0.466183009595132
499,499,0
500,500,0
501,501,0
502,502,0.584132927685467
503,503,0
504,504,0
505,505,0.890475076058975
506,506,0
507,507,0.846477884390358
508,508,0
509,509,0
510,510,0.31266089398549
511,511,0
512,512,0
513,513,0
514,514,0.544582260706763
515,515,0
516,516,0.365551135033934
517,517,0
518,518,0.49496840627194
519,519,0
520,520,0.434121226304704
521,521,0.615024572899602
522,522,0
523,523,0.741399485139246
524,524,0
525,525,0
526,526,0.0503159372805991
527,527,0.504095483267026
528,528,0.400187222092207
529,529,0.740931429908729
530,530,0.555581558623918
531,531,0
532,532,0
533,533,0.515796864029956
534,534,0.214369295576878
535,535,0.25579218347765
536,536,0
537,537,0.778843903580622
538,538,0
539,539,0.447460800374444
540,540,0.302363678914112
541,541,0.559091972852797
542,542,0.56517669084952
543,543,0.824947343786567
544,544,0
545,545,0
546,546,0.726187690147437
547,547,0
548,548,0
549,549,0.792885560496139
550,550,0.898900070208285
551,551,0.679850222326234
552,552,0.553709337701849
553,553,0.942195179031126
554,554,0.747016147905453
555,555,0.866136204072081
556,556,0
557,557,0
558,558,0.527030189562368
559,559,0.773695296044933
560,560,1
561,561,0.591153756143225
562,562,0.931663936344489
563,563,0.41633512754505
564,564,0
565,565,1
566,566,0.97987362508776
567,567,0.671893283407442
568,568,0.557687807161245
569,569,0.536157266557454
570,570,0.475310086590218
571,571,0.462204540135736
572,572,0
573,573,0
574,574,0.66885092440908
575,575,0
576,576,0.717294640767611
577,577,0.594430142756845
578,578,0.61713082143693
579,579,0.649192604727358
580,580,0.661596068336064
581,581,0
582,582,0.492394102504095
583,583,0.588345424760122
584,584,0
585,585,0.50666978703487
586,586,0
587,587,0
588,588,0
589,589,0.725251579686403
590,590,0
591,591,0
592,592,0.711912005616663
593,593,0
594,594,0.872220922068804
595,595,0
596,596,0.285279663000234
597,597,0.547390592089867
598,598,0.624619705125205
599,599,0.849988298619237
600,600,0.433887198689445
601,601,0.546220454013574
602,602,0
603,603,0.560730166159607
604,604,0.762930025743038
605,605,0
606,606,0.61713082143693
607,607,0.26421717762696
608,608,0
609,609,0.609173882518137
610,610,0.893517435057337
611,611,0
612,612,0.696232155394337
613,613,0.631406505967704
614,614,0
615,615,0
616,616,0.770184881816054
617,617,0.647554411420548
618,618,0.691785630704423
619,619,0.783992511116312
620,620,0.756377252515797
621,621,0.465948981979874
622,622,0.660191902644512
623,623,0
624,624,0.705125204774163
625,625,0
626,626,0.500117013807629
627,627,0.529136438099696
628,628,0.53007254856073
629,629,0
630,630,0
631,631,0
632,632,0.119354083781886
633,633,0.546922536859349
634,634,0
635,635,0
636,636,0.695530072548561
637,637,1
638,638,0
639,639,0.244792885560496
640,640,0.133395740697402
641,641,0
642,642,0.645916218113737
643,643,0.681020360402528
644,644,1
645,645,0.982213901240346
646,646,0
647,647,0.31944769482799
648,648,0
649,649,0.690849520243389
650,650,0.756611280131055
651,651,0.993213199157501
652,652,0.791247367189328
653,653,0
654,654,0
655,655,0.743739761291833
656,656,0.980341680318278
657,657,0
658,658,0
659,659,0.533348935174351
660,660,0.73414462906623
661,661,0
662,662,0
663,663,0.312426866370232
664,664,0.218815820266791
665,665,0.577346126842967
666,666,1
667,667,0.410718464778844
668,668,0
669,669,0.542007956938919
670,670,0.817458460098292
671,671,0
672,672,0.793821670957173
673,673,0.674467587175287
674,674,0
675,675,0
676,676,0.602153054060379
677,677,0.634214837350807
678,678,0.811841797332085
679,679,0.472267727591856
680,680,0
681,681,0.54177392932366
682,682,0.715422419845542
683,683,0
684,684,0
685,685,0
686,686,0
687,687,0.556985724315469
688,688,0.587643341914346
689,689,0
690,690,0.675871752866838
691,691,0
692,692,0.705827287619939
693,693,0.309852562602387
694,694,0.607301661596068
695,695,0.745377954598643
696,696,0.58202667914814
697,697,0.429908729230049
698,698,0
699,699,0.649426632342616
700,700,0
701,701,0.699508542007957
702,702,0.686637023168734
703,703,0.67727591855839
704,704,0
705,705,0.814884156330447
706,706,0
707,707,0.895155628364147
708,708,0.617832904282705
709,709,0.635619003042359
710,710,0.956002808331383
711,711,0.5619003042359
712,712,0.710273812309853
713,713,0
714,714,0
715,715,0.387315703252984
716,716,0.734612684296747
717,717,1
718,718,0.637959279194945
719,719,0
720,720,0
721,721,0.548326702550901
722,722,0.333255324128247
723,723,0.477884390358062
724,724,0
725,725,0.599812777907793
726,726,0
727,727,0.609641937748654
728,728,0.877369529604493
729,729,0.445354551837117
730,730,0.924643107886731
731,731,0
732,732,0
733,733,0.708869646618301
734,734,0
735,735,0.816522349637257
736,736,0.631406505967704
737,737,0
738,738,0.780482096887433
739,739,0
740,740,0
741,741,0.79265153288088
742,742,0.566346828925813
743,743,1
744,744,0.472735782822373
745,745,0.690381465012872
746,746,0
747,747,0
748,748,0.787268897729932
749,749,0
750,750,0.395506669787035
751,751,0.714252281769249
752,752,0
753,753,0
754,754,0.761525860051486
755,755,0
756,756,0.613152351977533
757,757,0.840627194008893
758,758,0
759,759,0
760,760,0.698806459162181
761,761,1
762,762,0
763,763,0.668616896793822
764,764,0
765,765,0.865902176456822
766,766,0.447928855604961
767,767,0
768,768,0.574771823075123
769,769,0
770,770,0.318511584366955
771,771,0.349403229581091
772,772,0.511584366955301
773,773,0
774,774,0.573367657383571
775,775,0
776,776,0.493798268195647
777,777,0
778,778,0
779,779,0
780,780,0.657383571261409
781,781,0
782,782,0.578282237304002
783,783,0.363912941727124
784,784,0
785,785,0
786,786,0.403463608705827
787,787,0.530540603791247
788,788,0
789,789,0.695764100163819
790,790,0.35619003042359
791,791,0.418441376082378
792,792,0.769482798970278
793,793,0
794,794,0.413292768546689
795,795,0.193072782588345
796,796,0
797,797,0.542710039784695
798,798,0.631406505967704
799,799,0
800,800,0
801,801,0
802,802,0
803,803,0
804,804,0.73905920898666
805,805,0.773929323660192
806,806,0.990872923004915
807,807,0.576410016381933
808,808,0.870582728761994
809,809,0
810,810,0
811,811,0.497542710039785
812,812,0
813,813,0.446056634682893
814,814,0
815,815,0
816,816,0.374444184413761
817,817,0.552539199625556
818,818,0
819,819,0.557453779545987
820,820,0.194242920664638
821,821,0
822,822,0.622513456587877
823,823,0
824,824,0.592557921834777
825,825,0.689211326936579
826,826,0.311256728293939
827,827,0
828,828,0
829,829,0.450503159372806
830,830,0.395272642171776
831,831,0.671191200561666
832,832,0
833,833,0.449098993681254
834,834,0.655043295108823
835,835,0.477884390358062
836,836,0.305874093142991
837,837,0.631640533582963
838,838,0.283173414462907
839,839,0.620875263281067
840,840,0.0273812309852563
841,841,0
842,842,0
