"","KO1","KO2","Base","Position"
"1",0.0148,0.01449,"A",9206
"2",0.01481,0.02468,"A",9209
"3",0.01689,0.0403,"C",9210
"4",0.01226,0.028,"C",9211
"5",0.01094,0.0195,"C",9212
"6",0.01548,0.02153,"A",9213
"7",0.0254,0.04161,"C",9214
"8",0.02632,0.03913,"C",9215
"9",0.01222,0.01327,"A",9216
"10",0.0127,0.0213,"A",9217
"11",0.01477,0.03467,"C",9219
"12",0.01313,0.02266,"A",9220
"13",0.01933,0.04352,"C",9221
"14",0.01341,0.02328,"A",9222
"15",0.03257,0.05989,"C",9225
"16",0.0083,0.02153,"C",9226
"17",0.01767,0.02552,"A",9228
"18",0.02872,0.03956,"C",9230
"19",0.0167,0.02852,"A",9231
"20",0.02627,0.0348,"A",9233
"21",0.02669,0.04704,"A",9235
"22",0.02337,0.03083,"A",9238
"23",0.01377,0.0171,"A",9239
"24",0.02338,0.02984,"A",9240
"25",0.0242,0.04255,"A",9241
"26",0.02709,0.06351,"C",9242
"27",0.01991,0.03498,"C",9243
"28",0.01944,0.02814,"C",9244
"29",0.0271,0.03973,"A",9245
"30",0.0221,0.04992,"C",9247
"31",0.01429,0.03366,"C",9248
"32",0.01569,0.03679,"C",9249
"33",0.02361,0.03373,"A",9250
"34",0.02979,0.04324,"A",9253
"35",0.00748,0.00861,"C",9254
"36",0.00536,0.00918,"C",9255
"37",0.00689,0.00896,"C",9256
"38",0.00397,0.00533,"C",9257
"39",0.03094,0.03974,"A",9259
"40",0.02585,0.03373,"A",9260
"41",0.04417,0.06458,"C",9261
"42",0.03508,0.04834,"A",9262
"43",0.0142,0.02259,"C",9267
"44",0.00996,0.01908,"C",9268
"45",0.01864,0.03791,"C",9269
"46",0.02216,0.04141,"C",9271
"47",0.03284,0.05089,"C",9273
"48",0.03382,0.04609,"A",9274
"49",0.0145,0.05199,"C",9276
"50",0.00843,0.02029,"C",9277
"51",0.01075,0.02439,"C",9278
"52",0.02437,0.04599,"C",9280
"53",0.01428,0.03149,"C",9281
"54",0.02356,0.03148,"A",9283
"55",0.01866,0.03316,"A",9284
"56",0.02691,0.0416,"A",9287
"57",0.02811,0.05747,"C",9288
"58",0.01913,0.03464,"C",9289
"59",0.03215,0.05589,"C",9291
"60",0.02644,0.03623,"C",9292
"61",0.00901,0.00659,"C",9295
"62",0.00619,0.0047,"C",9296
"63",0.01399,0.00845,"A",9298
"64",0.04788,0.05605,"C",9300
"65",0.01337,0.02746,"C",9301
"66",0.01096,0.01297,"A",9302
"67",0.01783,0.03626,"A",9307
"68",0.02813,0.04972,"C",9311
"69",0.0259,0.02797,"A",9312
"70",0.03772,0.03954,"C",9313
"71",0.03225,0.10048,"C",9316
"72",0.02228,0.05323,"C",9317
"73",0.02554,0.04256,"A",9318
"74",0.03089,0.0218,"C",9319
"75",0.02493,0.03465,"C",9321
"76",0.02278,0.03603,"C",9322
"77",0.03285,0.04348,"A",9323
"78",0.02596,0.03689,"A",9325
"79",0.02948,0.03862,"A",9326
"80",0.03901,0.07166,"C",9327
"81",0.02033,0.0526,"C",9329
"82",0.01743,0.03242,"C",9331
"83",0.01134,0.01613,"C",9332
"84",0.01729,0.01606,"C",9334
"85",0.01382,0.00968,"A",9335
"86",0.0393,0.06589,"A",9337
"87",0.01987,0.01152,"C",9338
"88",0.01555,0.01062,"A",9340
"89",0.01061,0.01018,"C",9343
"90",0.00596,0.00457,"C",9344
"91",0.02037,0.02673,"A",9346
"92",0.03405,0.05204,"C",9347
"93",0.02266,0.03167,"A",9349
"94",0.02546,0.03421,"A",9350
"95",0.03778,0.07396,"C",9351
"96",0.02609,0.04969,"C",9352
"97",0.02101,0.02698,"A",9353
"98",0.02022,0.02975,"A",9354
"99",0.04157,0.06434,"C",9355
"100",0.03004,0.04404,"A",9356
"101",0.03853,0.06092,"C",9357
"102",0.01695,0.02647,"A",9358
"103",0.03246,0.05516,"C",9359
"104",0.02292,0.03172,"A",9361
"105",0.02206,0.03841,"A",9362
"106",0.02692,0.04356,"C",9363
"107",0.0235,0.03587,"C",9364
"108",0.02197,0.02935,"A",9365
"109",0.02517,0.03419,"A",9367
"110",0.02941,0.04349,"A",9369
"111",0.02805,0.05303,"C",9370
"112",0.02205,0.04243,"C",9371
"113",0.01506,0.0216,"A",9372
"114",0.01691,0.03055,"A",9373
"115",0.0144,0.0282,"A",9376
"116",0.02375,0.04685,"C",9380
"117",0.01991,0.03825,"C",9382
"118",0.01864,0.0266,"A",9384
"119",0.02109,0.03289,"A",9388
"120",0.02134,0.02845,"A",9389
"121",0.02979,0.04618,"C",9390
"122",0.0243,0.03338,"A",9391
"123",0.03411,0.06523,"C",9392
"124",0.02548,0.04272,"A",9394
"125",0.01921,0.03357,"A",9396
"126",0.02096,0.03138,"A",9397
"127",0.02565,0.04443,"A",9398
"128",0.02381,0.05964,"C",9400
"129",0.01923,0.03137,"A",9401
"130",0.0324,0.06019,"C",9402
"131",0.02542,0.04081,"A",9403
"132",0.0264,0.03781,"A",9405
"133",0.03228,0.05703,"C",9406
"134",0.02042,0.03594,"C",9407
"135",0.01455,0.01703,"A",9408
"136",0.01529,0.01732,"A",9409
"137",0.00686,0.00718,"C",9412
"138",0.00368,0.00411,"C",9413
"139",0.02683,0.04093,"A",9414
"140",0.03126,0.05138,"C",9415
"141",0.02608,0.03954,"C",9416
"142",0.02616,0.05008,"A",9417
"143",0.03474,0.0584,"C",9418
"144",0.02287,0.0421,"A",9419
"145",0.03369,0.07169,"C",9420
"146",0.02794,0.02659,"A",9421
"147",0.02815,0.06154,"C",9422
"148",0.02067,0.06001,"C",9423
"149",0.02423,0.02821,"A",9424
"150",0.02774,0.06643,"C",9425
"151",0.01122,0.01877,"C",9426
"152",0.0184,0.03994,"C",9430
"153",0.03406,0.05472,"C",9431
"154",0.00303,0.00114,"A",9432
"155",0.01267,0.01924,"A",9433
"156",0.01468,0.02548,"A",9434
"157",0.02147,0.03957,"A",9435
"158",0.01888,0.03519,"A",9436
"159",0.00982,0.00977,"C",9439
"160",0.00678,0.00458,"C",9440
"161",0.02807,0.05475,"C",9443
"162",0.02718,0.04257,"A",9445
"163",0.029,0.04044,"A",9447
"164",0.03224,0.06033,"C",9448
"165",0.01866,0.03881,"A",9452
"166",0.01462,0.02832,"A",9454
"167",0.02184,0.03881,"A",9455
"168",0.02386,0.05821,"C",9457
"169",0.01458,0.02767,"C",9458
"170",0.02457,0.0353,"A",9460
"171",0.0264,0.03258,"A",9464
"172",0.03468,0.05241,"A",9467
"173",0.05352,0.09619,"C",9468
"174",0.00844,0.01513,"C",9469
"175",0.01031,0.01324,"C",9471
"176",0.00823,0.01323,"A",9472
"177",0.00221,0.00302,"A",9474
"178",0.00277,0.00431,"A",9475
"179",0.02,0.03614,"C",9484
"180",0.04862,0.09341,"C",9487
"181",0.0429,0.06334,"C",9489
"182",0.02287,0.03917,"A",9490
"183",0.00562,0.00895,"A",9493
"184",0.0064,0.00823,"C",9499
"185",0.01253,0.01359,"A",9502
"186",0.02293,0.03884,"C",9504
"187",0.01932,0.03373,"C",9505
"188",0.03371,0.04537,"A",9510
"189",0.041,0.08867,"C",9511
"190",0.02107,0.04382,"C",9512
"191",0.02254,0.03319,"A",9513
"192",0.03081,0.05326,"C",9514
"193",0.02545,0.04426,"C",9516
"194",0.02242,0.03614,"C",9517
"195",0.02913,0.04507,"A",9518
"196",0.0141,0.0202,"C",9520
"197",0.00644,0.00889,"C",9521
"198",0.03658,0.05809,"A",9523
"199",0.01737,0.02634,"C",9525
"200",0.00473,0.00706,"C",9526
"201",0.01398,0.01681,"C",9527
"202",0.0137,0.01987,"C",9528
"203",0.02766,0.03967,"A",9530
"204",0.01391,0.01545,"C",9531
"205",0.0125,0.01924,"C",9532
"206",0.01289,0.02627,"C",9533
"207",0.01426,0.02749,"C",9534
"208",0.02007,0.03042,"C",9535
"209",0.02361,0.03574,"C",9536
"210",0.01842,0.01694,"A",9537
"211",0.02847,0.03046,"A",9538
"212",0.03234,0.03948,"A",9541
"213",0.02917,0.03866,"A",9544
"214",0.0159,0.01536,"C",9548
"215",0.03826,0.03843,"A",9549
"216",0.02959,0.0394,"C",9550
"217",0.01276,0.01956,"C",9554
"218",0.00978,0.01621,"C",9555
"219",0.0176,0.02988,"C",9556
"220",0.02157,0.03443,"C",9557
"221",0.0291,0.04355,"C",9558
"222",0.02204,0.02673,"A",9559
"223",0.02476,0.02902,"A",9560
"224",0.04325,0.06211,"C",9561
"225",0.0245,0.03343,"A",9562
"226",0.02227,0.03609,"C",9565
"227",0.03313,0.04355,"A",9566
"228",0.02829,0.04419,"C",9568
"229",0.02592,0.03276,"A",9569
"230",0.0392,0.06848,"C",9570
"231",0.02112,0.04218,"C",9571
"232",0.01709,0.0335,"C",9572
"233",0.02381,0.04157,"C",9573
"234",0.01909,0.0404,"C",9575
"235",0.01293,0.01711,"A",9577
"236",0.02543,0.02725,"A",9578
"237",0.02243,0.028,"A",9579
"238",0.02191,0.03552,"C",9581
"239",0.01641,0.03142,"C",9582
"240",0.02139,0.04573,"C",9583
"241",0.02154,0.03425,"C",9584
"242",0.03945,0.05052,"A",9586
"243",0.01795,0.02783,"A",9588
"244",0.01803,0.03075,"A",9589
"245",0.01508,0.03199,"C",9592
"246",0.01474,0.03655,"C",9593
"247",0.02249,0.03393,"C",9594
"248",0.02114,0.02676,"A",9595
"249",0.02573,0.04685,"C",9596
"250",0.01862,0.03973,"C",9598
"251",0.01428,0.02396,"C",9599
"252",0.02747,0.03001,"A",9601
"253",0.02425,0.03391,"A",9602
"254",0.02003,0.025,"A",9603
"255",0.03438,0.05647,"C",9604
"256",0.02945,0.03532,"A",9605
"257",0.0384,0.05522,"C",9606
"258",0.02493,0.03319,"A",9607
"259",0.02363,0.03925,"C",9609
"260",0.02595,0.04926,"C",9610
"261",0.02383,0.03752,"A",9613
"262",0.02415,0.03304,"A",9616
"263",0.02235,0.04125,"C",9617
"264",0.02364,0.0301,"C",9619
"265",0.01649,0.01765,"C",9621
"266",0.02717,0.03631,"A",9622
"267",0.02202,0.01553,"C",9624
"268",0.01433,0.0145,"A",9625
"269",0.01471,0.03714,"A",9628
"270",0.03172,0.04412,"A",9631
"271",0.03082,0.05728,"C",9633
"272",0.02392,0.0322,"A",9634
"273",0.02446,0.03549,"A",9635
"274",0.02452,0.0341,"C",9637
"275",0.02113,0.03144,"A",9638
"276",0.01293,0.02103,"C",9639
"277",0.00751,0.01078,"C",9640
"278",0.01372,0.02097,"A",9643
"279",0.01589,0.02562,"C",9645
"280",0.03183,0.04747,"C",9647
"281",0.0235,0.03065,"A",9648
"282",0.03647,0.06342,"C",9649
"283",0.0255,0.04484,"C",9650
"284",0.02254,0.03342,"A",9651
"285",0.02498,0.04217,"A",9653
"286",0.01661,0.03864,"C",9656
"287",0.01665,0.03201,"A",9658
"288",0.01764,0.03347,"A",9659
"289",0.02163,0.0458,"A",9661
"290",0.01853,0.03395,"A",9663
"291",0.01438,0.01985,"A",9664
"292",0.02776,0.03798,"A",9665
"293",0.02024,0.03297,"A",9666
"294",0.03836,0.06253,"C",9667
"295",0.02701,0.03768,"A",9668
"296",0.0298,0.04177,"A",9669
"297",0.02658,0.05766,"C",9670
"298",0.02082,0.04461,"C",9671
"299",0.01404,0.01852,"A",9673
"300",0.01635,0.02728,"A",9674
"301",0.01863,0.03669,"A",9675
"302",0.0321,0.05809,"C",9676
"303",0.02214,0.04057,"C",9677
"304",0.00959,0.01353,"A",9678
"305",0.01807,0.02859,"A",9679
"306",0.02058,0.03205,"A",9680
"307",0.01861,0.03001,"A",9682
"308",0.02035,0.03869,"A",9683
"309",0.0328,0.05153,"C",9686
"310",0.01545,0.02613,"A",9687
"311",0.01689,0.03417,"A",9688
"312",0.01443,0.04086,"C",9690
"313",0.02915,0.0425,"A",9691
"314",0.03209,0.05909,"C",9692
"315",0.0135,0.03229,"C",9695
"316",0.02217,0.03398,"A",9698
"317",0.02207,0.04542,"A",9701
"318",0.03866,0.07321,"C",9702
"319",0.01422,0.02261,"A",9703
"320",0.01968,0.03356,"A",9704
"321",0.02683,0.04919,"A",9709
"322",0.03773,0.05345,"C",9710
"323",0.01525,0.02763,"C",9716
"324",0.02544,0.0518,"C",9718
"325",0.01974,0.03765,"A",9720
"326",0.01632,0.02959,"A",9725
"327",0.01102,0.04787,"C",9726
"328",0.00661,0.02082,"C",9727
"329",0.00953,0.01869,"C",9728
"330",0.02574,0.04651,"C",9730
"331",0.01371,0.0246,"C",9731
"332",0.02927,0.04211,"A",9733
"333",0.03586,0.07149,"C",9734
"334",0.02176,0.03402,"A",9735
"335",0.01923,0.03091,"A",9736
"336",0.02113,0.03235,"C",9738
"337",0.00848,0.01274,"C",9739
"338",0.02114,0.04091,"C",9741
"339",0.0231,0.03355,"A",9742
"340",0.01787,0.03573,"A",9744
"341",0.01921,0.03386,"A",9747
"342",0.02507,0.04078,"C",9748
"343",0.02595,0.03927,"C",9751
"344",0.01991,0.0435,"A",9753
"345",0.0088,0.02275,"C",9756
"346",0.02113,0.04962,"C",9758
"347",0.02223,0.05024,"C",9759
"348",0.01991,0.03528,"C",9760
"349",0.02782,0.08944,"C",9763
"350",0.02781,0.03857,"A",9764
"351",0.0319,0.08394,"C",9765
"352",0.02302,0.04391,"C",9766
"353",0.02554,0.03636,"A",9767
"354",0.01984,0.03125,"C",9771
"355",0.01655,0.03011,"C",9772
"356",0.02351,0.03193,"A",9774
"357",0.02661,0.04297,"C",9775
"358",0.02635,0.04626,"C",9778
"359",0.02816,0.04215,"A",9779
"360",0.02031,0.02554,"C",9781
"361",0.03231,0.05001,"A",9783
"362",0.03939,0.05943,"C",9784
"363",0.00554,0.01157,"C",9787
"364",0.01716,0.0289,"C",9789
"365",0.01912,0.03224,"A",9790
"366",0.01498,0.02533,"A",9791
"367",0.04271,0.0701,"C",9792
"368",0.00963,0.01031,"A",9793
"369",0.01081,0.01457,"A",9802
"370",0.00373,0.00324,"C",9804
"371",0.00269,0.00292,"C",9805
"372",0.04323,0.05596,"A",9806
"373",0.04166,0.06689,"C",9807
"374",0.02413,0.03715,"A",9808
"375",0.01657,0.02158,"C",9811
"376",0.01886,0.04479,"C",9814
"377",0.02438,0.03913,"C",9815
"378",0.02963,0.04229,"A",9816
"379",0.0291,0.03832,"C",9817
"380",0.01476,0.02597,"A",9820
"381",0.02601,0.0563,"C",9821
"382",0.02145,0.04567,"C",9824
"383",0.02442,0.03595,"A",9825
"384",0.04466,0.07122,"C",9826
"385",0.01571,0.0266,"C",9829
"386",0.02335,0.0367,"A",9830
"387",0.03091,0.04662,"A",9833
"388",0.01419,0.03326,"C",9838
"389",0.03208,0.05403,"C",9840
"390",0.02562,0.03814,"A",9841
"391",0.02554,0.04895,"A",9842
"392",0.03827,0.06519,"C",9843
"393",0.02282,0.05078,"C",9847
"394",0.01597,0.04071,"C",9848
"395",0.02613,0.05066,"C",9850
"396",0.02409,0.04024,"A",9851
"397",0.03346,0.06776,"C",9852
"398",0.02787,0.03906,"A",9854
"399",0.03379,0.05477,"C",9856
"400",0.02044,0.05266,"C",9859
"401",0.01453,0.02948,"C",9862
"402",0.0168,0.02608,"A",9863
"403",0.03722,0.0592,"C",9865
"404",0.03725,0.07327,"C",9866
"405",0.00967,0.05071,"C",9868
"406",0.0109,0.02899,"C",9869
"407",0.00862,0.01271,"A",9870
"408",0.01999,0.02575,"A",9871
"409",0.04797,0.06202,"C",9872
"410",0.01684,0.02942,"A",9874
"411",0.01662,0.02853,"A",9875
"412",0.02764,0.03901,"A",9877
"413",0.03179,0.05533,"C",9881
"414",0.02,0.07783,"A",9882
"415",0.03785,0.03914,"C",9883
"416",0.02539,0.0324,"A",9887
"417",0.03385,0.04113,"C",9888
"418",0.02696,0.02801,"A",9889
"419",0.02391,0.04173,"C",9891
"420",0.01692,0.03286,"C",9892
"421",0.00985,0.01492,"A",9893
"422",0.02125,0.03546,"A",9894
"423",0.02181,0.03227,"A",9895
"424",0.03635,0.05765,"C",9896
"425",0.02594,0.03651,"A",9897
"426",0.02938,0.04486,"C",9899
"427",0.02202,0.03403,"A",9900
"428",0.03744,0.05884,"C",9901
"429",0.01884,0.01596,"C",9907
"430",0.04334,0.05936,"C",9910
"431",0.01447,0.02586,"A",9912
"432",0.01454,0.02154,"A",9913
"433",0.00634,0.00708,"C",9915
"434",0.02262,0.02673,"C",9916
"435",0.03135,0.04937,"C",9918
"436",0.02077,0.0287,"C",9919
"437",0.01443,0.01662,"C",9921
"438",0.00807,0.01039,"C",9922
"439",0.03278,0.04408,"A",9925
"440",0.02534,0.03629,"A",9927
"441",0.04498,0.06068,"C",9928
"442",0.0128,0.01037,"C",9932
"443",0.02975,0.03608,"A",9933
"444",0.01028,0.02698,"A",9940
"445",0.01241,0.01797,"A",9942
"446",0.01605,0.05158,"A",9952
"447",0.01647,0.02977,"C",9953
"448",0.03447,0.0463,"A",9955
"449",0.03073,0.04556,"C",9959
"450",0.02286,0.02612,"A",9963
"451",0.00337,0.00765,"C",9967
"452",0.00823,0.01882,"C",9969
"453",0.00614,0.01234,"C",9970
"454",0.00799,0.01111,"A",9971
"455",0.01048,0.01956,"C",9973
"456",0.02133,0.02617,"A",9975
"457",0.02161,0.02518,"A",9979
"458",0.02361,0.04096,"A",9982
"459",0.01896,0.02023,"C",9987
