"","log2react","Base","Position"
"1",0.477533425012608,"A",4469
"2",-0.127839071538231,"A",4472
"3",-0.383593329955126,"A",4473
"4",-1.09988326903287,"C",4475
"5",-0.888308374730418,"C",4476
"6",-0.91891962497746,"C",4477
"7",-1.09028084177971,"C",4478
"8",-1.1849642158085,"C",4482
"9",-0.983051845727108,"C",4483
"10",-0.912230082575337,"C",4484
"11",-0.111086142695868,"A",4485
"12",-0.39648461421242,"A",4486
"13",-0.815495676948203,"C",4487
"14",-0.704663126169989,"C",4488
"15",-0.961663194305619,"C",4489
"16",-0.613997113493311,"C",4492
"17",-0.257116515739076,"A",4493
"18",-0.743137273984625,"C",4495
"19",-1.69853725092001,"A",4497
"20",-0.686746238678471,"C",4498
"21",-1.07324898203064,"C",4500
"22",-0.823423290685258,"A",4502
"23",-0.689577565600609,"C",4503
"24",-0.828407585670784,"C",4504
"25",-0.58260784858937,"A",4505
"26",-0.666735671284736,"C",4507
"27",-0.591490543718654,"C",4512
"28",0.273485850556752,"A",4513
"29",0.470353517457694,"C",4516
"30",0.0790843226311511,"A",4517
"31",-0.114749318796579,"C",4518
"32",0.0660645813772526,"A",4519
"33",-0.0380331319945878,"C",4520
"34",0.00707204867550168,"C",4522
"35",0.0288437681756888,"A",4523
"36",-1.09938267550836,"C",4525
"37",-0.220812460219124,"A",4526
"38",-0.351016635246963,"C",4527
"39",-0.153403557368167,"A",4528
"40",0.0771606180592965,"C",4530
"41",-0.258213745220972,"C",4532
"42",-0.287812219160193,"A",4534
"43",-0.274396781156961,"A",4535
"44",-0.626655449021116,"C",4537
"45",-0.262940696955135,"C",4539
"46",-0.465151932999221,"C",4541
"47",-0.373308894046396,"A",4542
"48",-0.253635707831544,"C",4543
"49",-0.0186156781673469,"A",4546
"50",-0.267785326837049,"A",4553
"51",-0.386282435885028,"C",4554
"52",-0.411834213978454,"C",4555
"53",0.280701254607592,"A",4558
"54",-0.530228666327883,"A",4561
"55",0.128533370245382,"C",4564
"56",0.218803625851783,"C",4565
"57",-0.53450507515163,"A",4567
"58",-0.22014327459313,"A",4569
"59",-0.289677158603173,"A",4570
"60",-0.436332277642072,"A",4571
"61",-0.421667348826796,"A",4573
"62",-0.2142631526064,"A",4574
"63",-0.129151547214243,"A",4575
"64",-0.215229683860527,"C",4576
"65",-0.287615130308988,"A",4577
"66",-0.86331744881014,"C",4580
"67",-0.669499716845276,"A",4582
"68",-0.946978541562164,"C",4584
"69",-0.255421221723919,"A",4589
"70",-1.03356776846757,"C",4592
"71",-0.723575505459549,"C",4593
"72",-0.420832358153363,"A",4594
"73",-0.826140279147921,"C",4598
"74",-0.605913484368184,"A",4600
"75",-0.675896525064494,"A",4601
"76",-0.521554692349627,"C",4602
"77",-0.293739068305412,"C",4603
"78",-0.443870181486556,"A",4604
"79",-1.01282404035758,"A",4605
"80",-0.701918647067005,"A",4606
"81",-0.395346386815787,"A",4607
"82",-0.404611850201634,"A",4608
"83",-0.295060028113923,"A",4609
"84",-0.576074404588955,"A",4610
"85",-0.417688468730937,"A",4612
"86",-0.46262034607157,"A",4613
"87",-0.574992211966228,"A",4614
"88",-0.979276937908839,"C",4615
"89",-1.15449496087271,"C",4616
"90",-0.937143128273798,"C",4617
"91",-0.744477202627413,"C",4619
"92",-0.924251267572734,"C",4623
"93",-0.756376900612427,"C",4624
"94",-0.122414762551459,"A",4625
"95",-0.252268389109848,"C",4626
"96",-0.4250123837324,"A",4627
"97",-0.551615243532719,"A",4629
"98",-0.825801160440754,"A",4630
"99",-0.529044393689373,"C",4632
"100",-0.797685461751958,"C",4635
"101",-1.18050531631793,"C",4636
"102",-0.49532528823648,"A",4637
"103",-0.421606827790419,"C",4639
"104",0.0386907141774676,"A",4640
"105",-0.124490682000662,"A",4641
"106",-0.453205280514138,"A",4644
"107",-1.19159393396811,"C",4648
"108",-0.762358751594604,"C",4649
"109",-0.51158390464631,"C",4651
"110",-0.285987847058189,"A",4652
"111",-0.675624892175327,"C",4653
"112",-0.476845652957213,"C",4655
"113",-0.241061918355232,"A",4656
"114",-0.670108397135468,"A",4657
"115",-0.630469581009076,"C",4659
"116",-0.315444061317164,"A",4660
"117",-0.569747267510648,"A",4661
"118",-0.807287102335373,"C",4662
"119",-0.471071534193172,"C",4663
"120",-0.520195729264226,"C",4665
"121",-0.288883764270924,"A",4666
"122",-0.803643582203947,"C",4668
"123",-0.768022509659504,"C",4669
"124",-0.323103725842725,"A",4670
"125",-0.277246175207267,"A",4672
"126",-0.451251026226772,"A",4673
"127",-0.897521472266733,"C",4675
"128",-0.769811777595243,"C",4676
"129",-0.511303911703039,"C",4679
"130",-0.281271611598093,"A",4681
"131",-0.424621647137471,"A",4682
"132",-0.567735614823753,"A",4684
"133",-0.948656504363531,"C",4686
"134",-0.608147288141956,"A",4688
"135",-1.12084456561105,"C",4690
"136",-0.835530815335892,"C",4691
"137",-0.58671363422716,"C",4693
"138",-0.699622762253893,"C",4696
"139",-0.234866424127868,"A",4697
"140",-0.835205627719048,"A",4698
"141",0.181777761643847,"C",4699
"142",0.0354956378659402,"A",4700
"143",-0.438513069207687,"A",4701
"144",-0.280970517150205,"A",4703
"145",-0.330170445979757,"A",4705
"146",-0.716801469541765,"C",4706
"147",-0.927052011150279,"C",4708
"148",-0.661152768420582,"C",4710
"149",-0.658411628361612,"C",4711
"150",-0.833205047475501,"A",4714
"151",-0.752651324842582,"C",4715
"152",-0.18286405714981,"A",4716
"153",-0.610678414888522,"A",4717
"154",-0.560146180549947,"A",4720
"155",-0.663193016680373,"A",4721
"156",-0.748603904586518,"C",4722
"157",-0.599446190361446,"C",4723
"158",-0.551307582285699,"A",4724
"159",-0.286130286162009,"A",4726
"160",-0.594733826862108,"A",4727
"161",-0.83821859164678,"C",4728
"162",-0.706231639938088,"C",4729
"163",-0.329082424075388,"A",4730
"164",-0.316523502091693,"A",4731
"165",-0.432012733061407,"A",4733
"166",-0.529521296077059,"C",4734
"167",-0.610110119780775,"A",4736
"168",-0.71328381199302,"C",4737
"169",-0.944317568391703,"C",4738
"170",-0.458311948390263,"A",4739
"171",-0.471473444908559,"A",4740
"172",-0.430066699378258,"C",4742
"173",-0.232448665592682,"A",4743
"174",-0.320125852253377,"A",4744
"175",-0.638257391266533,"A",4746
"176",-0.524467242773883,"C",4747
"177",-0.740280783814288,"C",4749
"178",-0.531523241759696,"A",4750
"179",-0.669095280469539,"C",4752
"180",-0.634292332203556,"A",4753
"181",-0.505864051637701,"A",4756
"182",-0.40931985204798,"A",4757
"183",-0.464742016877752,"A",4759
"184",-0.384623513746125,"A",4760
"185",-0.403267722339301,"C",4762
"186",-0.351066941137961,"A",4763
"187",-0.431247726460103,"A",4765
"188",-0.50816728518098,"A",4766
"189",NA,"A",4768
"190",0.568759275945103,"C",4770
"191",0.336805882603368,"A",4772
"192",-0.361023405541353,"A",4774
"193",-0.258339117742839,"C",4776
"194",-0.0496118286294726,"A",4777
"195",-0.223882282369301,"A",4778
"196",-0.697437229979569,"A",4780
"197",0.0279907438334496,"A",4781
"198",-0.058446272383557,"A",4782
"199",-0.354313915081415,"A",4783
"200",0.114402668446255,"C",4784
"201",-0.515284853370814,"A",4786
"202",-0.478213336937667,"A",4789
"203",0.0619202608669806,"A",4790
"204",0.560287855162678,"A",4792
"205",0.34635156882658,"C",4794
"206",0.212432659670568,"C",4795
"207",-1.13419264397399,"C",4796
"208",-0.990473033566585,"C",4797
"209",-0.92302630560551,"C",4798
"210",-0.571525681201387,"C",4802
"211",-0.196217473674014,"A",4803
"212",-0.72638666470498,"C",4804
"213",-0.497650940867788,"C",4807
"214",-0.030186388856112,"A",4810
"215",-0.518976431223376,"C",4813
"216",-0.535146607103425,"C",4814
"217",0.160533950929406,"C",4815
"218",0.172389041393793,"A",4816
"219",0.147104294032211,"A",4818
"220",-0.257634418091204,"A",4823
"221",-0.446370706083635,"C",4824
"222",-0.623624121090261,"C",4825
"223",-0.59096365613948,"C",4826
"224",-0.181222045561838,"A",4827
"225",-0.122183301401231,"A",4828
"226",-0.368138369187205,"C",4831
"227",-0.371636262490781,"A",4832
"228",-0.631051095507416,"C",4833
"229",-0.575121546046861,"C",4834
"230",-0.861633067060338,"C",4835
"231",-0.373065228803528,"C",4836
"232",-0.143972764604528,"C",4838
"233",-0.285018882954464,"A",4841
"234",-0.869528310029303,"C",4842
"235",-0.171487603340486,"A",4843
"236",-0.440962429945643,"C",4845
"237",-0.648337606862161,"C",4846
"238",-0.670970163337653,"C",4849
"239",-0.459281720456385,"C",4850
"240",-1.29030434740104,"C",4853
"241",-0.721294358694252,"C",4856
"242",-1.18417509221225,"C",4859
"243",-0.588230214555067,"C",4861
"244",-0.251665759209495,"A",4862
"245",-0.60186518011297,"C",4863
"246",-0.413059849838401,"A",4864
"247",-0.438438566595242,"A",4867
"248",-0.613773411618265,"C",4868
"249",-0.21641123591412,"A",4869
"250",-0.266280065337448,"A",4870
"251",-0.356693513048039,"A",4871
"252",-0.197831254452314,"A",4872
"253",-0.347506413164625,"A",4873
"254",-0.498873095391209,"C",4874
"255",-0.55868842093219,"A",4876
"256",-1.09799350874251,"C",4878
"257",-1.36114449128364,"C",4879
"258",-1.40265118161255,"C",4880
"259",-1.37993369832293,"C",4881
"260",-1.03626515176082,"C",4882
"261",-0.427943483475781,"A",4883
"262",-0.749495989122342,"C",4885
"263",-0.559042021930576,"C",4887
"264",-0.208561238115648,"A",4888
"265",-0.472636099266827,"A",4889
"266",-0.461384852925175,"C",4891
"267",-0.361488598793668,"A",4892
"268",-0.36588152827745,"A",4894
"269",-0.395358172867864,"A",4896
"270",-0.768215090916377,"C",4897
"271",-0.94845051764635,"C",4898
"272",-0.467186672470443,"A",4899
"273",-0.565146133066343,"A",4900
"274",-0.500842293204045,"A",4901
"275",-0.341060166673441,"C",4903
"276",-0.722736157862067,"C",4905
"277",-0.913484648849044,"C",4907
"278",-1.51690014893732,"C",4908
"279",-1.15101007169593,"C",4909
"280",-0.603014238230222,"C",4911
"281",-0.304472672771218,"A",4912
"282",-0.674395770734108,"C",4913
"283",-0.455162172454963,"A",4915
"284",-0.271177579142408,"A",4916
"285",-0.191831675100441,"A",4917
"286",-0.636831740641756,"C",4918
"287",-0.370758857419663,"A",4921
"288",-0.484654976007658,"A",4922
"289",-1.34887987579267,"C",4924
"290",-1.07951029305566,"C",4925
"291",-0.588033154681123,"C",4928
"292",-0.52129169935321,"C",4930
"293",-0.934671576664325,"C",4931
"294",-0.473216806024729,"C",4933
"295",-0.521983556052809,"A",4934
"296",-0.395990044542001,"C",4935
"297",-0.280989534165128,"C",4937
"298",-0.233280207332411,"C",4939
"299",-0.28564508170579,"C",4941
"300",-0.335719945154326,"A",4942
"301",-0.511211507541741,"A",4943
"302",-0.251827517755662,"C",4945
"303",0.023904566561718,"A",4948
"304",-0.928805372036959,"C",4950
"305",-0.975041133103578,"C",4951
"306",-0.193316567384767,"A",4952
"307",-0.116624229268216,"C",4954
"308",-0.102497762622554,"A",4955
"309",-0.268568400458192,"A",4957
"310",-0.357072139168559,"C",4959
"311",0.14231417873408,"A",4960
"312",-0.407475954083686,"C",4963
"313",0.476602976783236,"A",4964
"314",0.46269047487026,"A",4969
"315",-0.212023091364266,"A",4975
"316",-0.196268222232459,"A",4978
"317",0.065913025437748,"A",4979
"318",-0.148836807400266,"A",4980
"319",-0.491562309075911,"C",4981
"320",-0.587154713634821,"C",4982
"321",-0.358612065816025,"A",4983
"322",-0.26533606129303,"A",4984
"323",-0.301943720433208,"A",4985
"324",-0.71611915534745,"C",4986
"325",-0.809452879345716,"C",4987
"326",-0.626446404456625,"C",4988
"327",-0.291212516852249,"A",4989
"328",-0.603602230820999,"C",4991
"329",-0.344430881675326,"A",4993
"330",-0.3757408418783,"C",4994
"331",-0.403155575413229,"C",4996
"332",-0.207178776090783,"A",4997
"333",-0.241389411793814,"A",4998
"334",-0.211809082478621,"A",4999
"335",-0.247221471881186,"A",5000
"336",-0.367664241016737,"C",5002
"337",-0.383532972820155,"A",5005
"338",-0.577185150129437,"C",5007
"339",-0.256111496785788,"A",5008
"340",-0.389935465680089,"A",5010
"341",-0.402086427571272,"C",5011
"342",-0.355112598808145,"C",5013
"343",-0.601857682417711,"C",5014
"344",-0.516926449407842,"C",5016
"345",-0.0765468064697939,"A",5017
"346",-0.132871661974796,"A",5018
"347",-0.180206404371726,"A",5021
"348",-0.890291263039676,"C",5022
"349",-1.15431473476784,"C",5023
"350",-0.395620045451603,"C",5024
"351",-0.0759992962339817,"A",5025
"352",-0.167867917192121,"C",5026
"353",-0.0547647371945736,"A",5027
"354",-0.493863947883068,"A",5029
"355",-0.569320550881015,"A",5032
"356",-0.37621372782624,"A",5035
"357",-0.44883477399134,"A",5036
"358",-0.621959768693247,"A",5038
"359",-0.44657632473146,"A",5039
"360",-0.615476686023544,"A",5041
"361",-0.411565307372039,"C",5043
"362",-0.270919662180664,"A",5044
"363",-0.551769321998938,"C",5048
"364",-0.260144365591945,"A",5050
"365",-0.414720945236786,"C",5051
"366",-0.551252518887557,"C",5052
"367",-0.307096743486277,"A",5055
"368",-0.62339006415306,"C",5056
"369",-0.33367910057972,"A",5057
"370",-0.72578369997605,"A",5058
"371",-1.06141071591312,"C",5059
"372",-1.17867422899486,"C",5060
"373",-0.924306640248675,"C",5061
"374",-0.54591730115814,"A",5063
"375",-0.507009878753289,"A",5064
"376",-0.580926987486,"C",5065
"377",-0.322698239653005,"A",5066
"378",-0.084751185474069,"A",5068
"379",-0.431303448205024,"A",5069
"380",-0.888528913220942,"C",5070
"381",-0.732437228214133,"C",5071
"382",-0.283986219458998,"A",5072
"383",-0.57190634789571,"C",5075
"384",-0.488780958389598,"A",5078
"385",-0.381939811102613,"A",5079
"386",-0.441552017792159,"A",5083
"387",-1.25085835743726,"A",5084
"388",0.0388747229880112,"C",5085
"389",-0.576163974546282,"A",5087
"390",-0.201884599573227,"A",5091
"391",-0.285623417601478,"A",5093
"392",-0.612408841154331,"A",5096
"393",-1.09103703004933,"C",5098
"394",-1.13685409990782,"C",5099
"395",-0.608525026904092,"A",5101
"396",-0.270433974233512,"A",5102
"397",-0.598537602888416,"C",5103
"398",-0.467351823715639,"A",5105
"399",-0.740214272447159,"C",5106
"400",-0.525564095212777,"A",5108
"401",-0.61534196444568,"C",5109
"402",-0.755484767765412,"C",5110
"403",-0.860637136207574,"C",5112
"404",-0.319550939890994,"A",5113
"405",-0.905834786444963,"C",5116
"406",-1.03662892199072,"C",5117
"407",-0.690998602154255,"A",5119
"408",-0.676647360616303,"C",5120
"409",-0.547216263250958,"A",5122
"410",-0.785390110893528,"C",5123
"411",-0.750555172987274,"C",5125
"412",-0.286246406865483,"A",5126
"413",-0.338252265742021,"A",5127
"414",-0.629513672135569,"C",5128
"415",-0.44691679967516,"A",5131
"416",-0.370143663828329,"A",5132
"417",-0.513444303413093,"A",5133
"418",-0.957576078609604,"C",5134
"419",-0.961814532327019,"C",5136
"420",-0.996871962446184,"C",5137
"421",-0.49530967469603,"A",5138
"422",-1.41343859072453,"C",5140
"423",-0.516881317522481,"A",5141
"424",-1.26833658705854,"C",5142
"425",-0.833314827093933,"C",5143
"426",-0.452042741137302,"A",5144
"427",-1.08461559087171,"C",5145
"428",-0.812279415593638,"A",5147
"429",-1.40537249168648,"C",5148
"430",-1.36923380966572,"C",5149
"431",-0.542548420957364,"C",5150
"432",-0.432124959064076,"A",5152
"433",-0.496997014989184,"C",5153
"434",-1.4155768446965,"A",5155
"435",-0.050626073069968,"C",5156
"436",-0.365617945234569,"A",5158
"437",-0.715779368978284,"C",5160
"438",-1.12408515088672,"C",5162
"439",-1.06827644118111,"C",5164
"440",-0.58718716583567,"A",5165
"441",-1.09976443673872,"C",5166
"442",-0.494544594515394,"C",5167
"443",-0.679526060404277,"A",5170
"444",-0.40460085212239,"A",5171
"445",-0.617986688034717,"A",5172
"446",-0.696669570513656,"C",5173
"447",-0.332995398790199,"A",5174
"448",-0.608393662502793,"A",5175
"449",-0.748075355177446,"C",5177
"450",-0.568132142717408,"A",5179
"451",-0.547416429516775,"A",5180
"452",-0.709836052655366,"C",5181
"453",-0.691121674204599,"A",5182
"454",-0.349538610305681,"A",5185
"455",-0.871491610164096,"C",5186
"456",-0.552591778364529,"A",5188
"457",-0.475102444772542,"A",5189
"458",-0.822065056096757,"C",5190
"459",-0.478702705537481,"A",5191
"460",-1.3643606118792,"C",5192
"461",-1.32222956705247,"C",5193
"462",-0.878430527759528,"C",5194
"463",-0.4003095526673,"A",5197
"464",-0.366119282889791,"A",5198
"465",-0.79529752151045,"C",5201
"466",-0.867517461738786,"C",5202
"467",-0.433234606963184,"A",5203
"468",-0.750686004220916,"C",5205
"469",-0.534428727644239,"C",5206
"470",-0.25478314089174,"A",5207
"471",-0.553157148939569,"C",5208
"472",0.393975883751014,"C",5209
"473",0.500749496818071,"C",5210
"474",0.668961486667924,"C",5212
"475",0.783321229857946,"C",5213
"476",-2.51900195092384,"C",5215
"477",-0.553116325832701,"C",5217
"478",-0.183066101130379,"C",5218
"479",0.0858403161973462,"C",5219
"480",0.610998504261551,"A",5221
"481",0.593434016788608,"A",5224
"482",-0.477689154534044,"C",5227
"483",-0.644896861961795,"C",5228
"484",-1.0645315987676,"C",5231
"485",-1.23739458467569,"C",5232
"486",-0.904598784100529,"C",5233
"487",-1.1423254939238,"C",5234
"488",-0.571086103704448,"C",5235
"489",-0.898618092289313,"C",5237
"490",-0.325602415696899,"A",5239
"491",-0.298093859987935,"A",5240
"492",-0.541151573498013,"C",5241
"493",-0.441896959344786,"C",5242
"494",-1.20010492681552,"C",5245
"495",0.483876375606842,"C",5252
"496",0.00457272978982409,"C",5253
"497",0.436099114806673,"C",5254
"498",-0.297142260154058,"A",5255
"499",-0.19344010288914,"A",5256
"500",-0.197559308087327,"A",5257
"501",-0.229992547550954,"C",5262
"502",-0.729475921065241,"C",5263
"503",-0.252962628351484,"A",5264
"504",-0.412688738571818,"A",5267
"505",-0.383794622365047,"C",5269
"506",-0.295422570704121,"A",5271
"507",-0.462298660600116,"A",5272
"508",-0.424019976483335,"A",5274
"509",-0.459431618637297,"A",5275
"510",-0.401441010223927,"C",5278
"511",-0.27827015712415,"A",5279
"512",-0.372563375424683,"C",5280
"513",0.480625840906421,"A",5281
"514",-0.386886458964695,"A",5282
"515",-0.475859925305362,"A",5283
"516",-0.396435537224357,"A",5284
"517",-0.449317222329903,"A",5285
"518",-0.240231830966966,"A",5286
"519",-0.443261137154507,"C",5287
"520",-0.331807059881383,"A",5288
"521",-0.518434423771075,"A",5289
"522",-0.556075539284001,"A",5291
"523",-1.35530900814499,"C",5293
"524",-1.41893442053158,"C",5294
"525",-0.64212059898898,"C",5296
"526",-0.395137941841139,"A",5297
"527",-0.663800851128332,"C",5299
"528",-0.3426895982756,"A",5300
"529",-1.26805874558141,"C",5302
"530",-1.35127087926331,"C",5303
"531",-1.38229797392523,"C",5304
"532",-1.24598918849678,"C",5305
"533",-0.451100795772717,"A",5306
"534",-0.997541304626106,"C",5307
"535",-1.07371283579052,"C",5308
"536",-0.358014926181782,"A",5309
"537",-0.53207345591253,"C",5311
"538",-0.369642382974134,"A",5312
"539",-0.440030445621587,"A",5314
"540",-1.6740432512545,"C",5316
"541",-1.73681867273007,"C",5317
"542",-0.706027956403373,"A",5318
"543",-0.997741200351335,"C",5319
"544",-0.777283661411941,"C",5320
"545",-0.381239734012147,"A",5321
"546",-0.726151795470912,"C",5323
"547",-0.349686212653954,"A",5324
"548",-0.940459709332731,"C",5325
"549",-1.18747930334294,"C",5326
"550",-1.16059424200257,"C",5327
"551",-0.928916901938518,"C",5329
"552",-0.8787311447703,"C",5330
"553",-0.0589961859482791,"A",5333
"554",-0.271409241544759,"A",5334
"555",-2.22704190877909,"C",5335
"556",0.233266254988423,"C",5336
"557",NA,"C",5338
"558",0.0675228768685684,"A",5340
"559",-0.0758976166163745,"C",5341
"560",-0.813182852213138,"C",5344
"561",-0.713998907344179,"A",5346
"562",-0.922955692358854,"C",5347
"563",-0.915791628039807,"C",5348
"564",-0.768477553490659,"A",5350
"565",-1.0729612292364,"C",5351
"566",-1.61371907488946,"C",5353
"567",-1.44177615371942,"C",5354
"568",-0.536027634348651,"A",5356
"569",-0.572048964238806,"A",5357
"570",-0.866997868485006,"C",5359
"571",-0.679564262623792,"A",5361
"572",-1.32016515482388,"C",5362
"573",-1.77014384296053,"C",5364
"574",-1.58613020215349,"C",5365
"575",-0.710309962165153,"A",5366
"576",-1.11147797622239,"C",5367
"577",-1.61738397841353,"C",5368
"578",-0.524586348565134,"C",5370
"579",-0.167414963120167,"A",5371
"580",-0.534791675888237,"A",5372
"581",-0.724593669497237,"C",5374
"582",-0.458215465765393,"A",5375
"583",-0.919311359860362,"C",5376
"584",-0.434805423099369,"A",5377
"585",-0.759339286734553,"C",5378
"586",-0.320814276170545,"A",5380
"587",-0.795913595422502,"C",5381
"588",-1.17731333774961,"C",5383
"589",-1.37471255577627,"C",5384
"590",-1.18546486908652,"C",5385
"591",-1.04614846080389,"C",5386
"592",-0.468193063732122,"A",5387
"593",-0.474733158983443,"A",5389
"594",-0.52482897683942,"C",5391
"595",-0.380643407300228,"A",5393
"596",-0.614381260925169,"A",5394
"597",-0.37519638510308,"C",5395
"598",-0.23256974609496,"A",5396
"599",-0.696355500889536,"A",5397
"600",-0.411669846223902,"C",5398
"601",0.0274807364221072,"A",5401
"602",-0.354599368276128,"A",5402
"603",-0.389638322582879,"A",5403
"604",-0.392477702638152,"A",5404
"605",-0.478160418303968,"A",5405
"606",-0.379762024531313,"A",5407
"607",-0.36621502069417,"A",5408
"608",-0.187705861809214,"A",5409
"609",-0.413157066038742,"A",5410
"610",-0.583022801663481,"A",5413
"611",-0.65757341057432,"C",5414
"612",-0.612053059330335,"A",5415
"613",-0.313774444860128,"A",5421
"614",-0.523475673048651,"A",5422
"615",-0.4459587368767,"C",5423
"616",-0.302113725075728,"A",5424
"617",-0.262620492463894,"A",5426
"618",-0.599202047459776,"C",5427
"619",-0.223321095356857,"A",5428
"620",-0.489196010428555,"A",5429
"621",0.0313983021885458,"A",5430
"622",-0.489920170992154,"A",5431
"623",-0.912060227598349,"C",5432
"624",-1.13981851960303,"C",5433
"625",-0.83411713986054,"C",5434
"626",-0.751093961710392,"A",5435
"627",-1.40640788244394,"C",5436
"628",-1.25804755316404,"C",5437
"629",-1.36959784810668,"C",5438
"630",-0.925564354961042,"C",5439
"631",-0.518826330457106,"A",5440
"632",-0.87791641953461,"C",5443
"633",-0.945266685120068,"C",5444
"634",-1.15684856168465,"C",5446
"635",-1.41070103096552,"C",5447
"636",-0.962825547512337,"C",5448
"637",-1.02386995152074,"C",5449
"638",-0.338337571471904,"A",5450
"639",-0.900169273716939,"C",5451
"640",-0.379109023757279,"A",5452
"641",-1.16896735451642,"C",5453
"642",-0.890584205467805,"C",5455
"643",-0.4175932041826,"A",5456
"644",-1.84482962747627,"C",5458
"645",-1.57209976169818,"C",5460
"646",-1.28495982792608,"C",5461
"647",-1.00387895961974,"C",5462
"648",-0.379185011668276,"A",5465
"649",-0.943730468391885,"C",5466
"650",-0.51350177878296,"C",5467
"651",-0.753221484924126,"A",5468
"652",-0.820143168620771,"C",5469
"653",-0.821038893331023,"C",5471
"654",-0.709276540090792,"A",5473
"655",-1.00989926963826,"C",5474
"656",-1.12742621525219,"C",5476
"657",-1.06750074420056,"C",5477
"658",-0.208281708983295,"A",5479
"659",-1.22952081892089,"C",5480
"660",-0.559265517232949,"C",5481
"661",-0.119657459098492,"A",5483
"662",-0.918641181975011,"C",5485
"663",-1.36809399766857,"C",5487
"664",-1.28025232106533,"C",5488
"665",-1.16356670538195,"C",5489
"666",-0.491500338726758,"C",5490
"667",-0.183136752555762,"A",5495
"668",-0.513273762652085,"A",5497
"669",-0.158564537573309,"C",5498
"670",-0.199232513501641,"A",5500
"671",-0.103044382449201,"A",5501
"672",-0.462422901153848,"A",5503
"673",0.16529201410593,"A",5504
"674",0.0294738553440295,"C",5506
"675",0.537085873770375,"A",5509
