"","Position","AUC"
"1",50,0.918439716312057
"2",51,0.941471571906355
"3",52,0.945652173913043
"4",53,0.945652173913043
"5",54,0.944444444444444
"6",55,0.944444444444444
"7",56,0.947619047619048
"8",57,0.946428571428571
"9",58,0.947619047619048
"10",59,0.947619047619048
"11",60,0.959415584415584
"12",61,0.96031746031746
"13",62,0.961180124223602
"14",63,0.961180124223602
"15",64,0.964285714285714
"16",65,0.963492063492064
"17",66,0.965079365079365
"18",67,0.965079365079365
"19",68,0.968253968253968
"20",69,0.969155844155844
"21",70,0.96843853820598
"22",71,0.96843853820598
"23",72,0.967687074829932
"24",73,0.96843853820598
"25",74,0.969155844155844
"26",75,0.970099667774087
"27",76,0.970099667774087
"28",77,0.973421926910299
"29",78,0.972789115646258
"30",79,0.973421926910299
"31",80,0.972789115646258
"32",81,0.973421926910299
"33",82,0.972789115646258
"34",83,0.974489795918367
"35",84,0.975083056478405
"36",85,0.975083056478405
"37",86,0.975649350649351
"38",87,0.975083056478405
"39",88,0.975083056478405
"40",89,0.975083056478405
"41",90,0.974489795918367
"42",91,0.975083056478405
"43",92,0.975083056478405
"44",93,0.975649350649351
"45",94,0.975649350649351
"46",95,0.975649350649351
"47",96,0.977272727272727
"48",97,0.977777777777778
"49",98,0.978260869565217
"50",99,0.976950354609929
"51",100,0.977430555555556
"52",101,0.975881261595547
"53",102,0.976363636363636
"54",103,0.976827094474153
"55",104,0.983957219251337
"56",105,0.980769230769231
"57",106,0.981132075471698
"58",107,0.981132075471698
"59",108,0.985324947589099
"60",109,0.98559670781893
"61",110,0.984090909090909
"62",111,0.984090909090909
"63",112,0.984375
"64",113,0.990909090909091
"65",114,0.990909090909091
"66",115,0.993181818181818
"67",116,0.993181818181818
"68",117,0.993181818181818
"69",118,0.988839285714286
"70",119,0.982142857142857
"71",120,0.982456140350877
"72",121,0.982142857142857
"73",122,0.982142857142857
"74",123,0.981818181818182
"75",124,0.981481481481481
"76",125,0.981132075471698
"77",126,0.980769230769231
"78",127,0.980769230769231
"79",128,0.980769230769231
"80",129,0.980769230769231
"81",130,0.980769230769231
"82",131,0.980769230769231
"83",132,0.980769230769231
"84",133,0.980392156862745
"85",134,0.98
"86",135,0.980392156862745
"87",136,0.980392156862745
"88",137,0.980392156862745
"89",138,0.988795518207283
"90",139,0.989010989010989
"91",140,0.997252747252747
"92",141,0.997198879551821
"93",142,0.997549019607843
"94",143,1
"95",144,1
"96",145,1
"97",146,1
"98",147,1
"99",148,1
"100",149,1
"101",150,1
"102",151,1
"103",152,1
"104",153,1
"105",154,1
"106",155,1
"107",156,1
"108",157,1
"109",158,1
"110",159,1
"111",160,1
"112",161,1
"113",162,1
"114",163,1
"115",164,1
"116",165,1
"117",166,1
"118",167,1
"119",168,1
"120",169,1
"121",170,1
"122",171,1
"123",172,1
"124",173,1
"125",174,1
"126",175,1
"127",176,1
"128",177,0.995959595959596
"129",178,0.996296296296296
"130",179,0.996503496503497
"131",180,0.996503496503497
"132",181,0.993355481727575
"133",182,0.993798449612403
"134",183,0.993650793650794
"135",184,0.99390243902439
"136",185,0.99390243902439
"137",186,0.99375
"138",187,0.99390243902439
"139",188,0.99375
"140",189,0.99375
"141",190,0.99390243902439
"142",191,0.99390243902439
"143",192,0.99375
"144",193,0.99375
"145",194,0.993589743589744
"146",195,0.993589743589744
"147",196,0.99375
"148",197,0.99375
"149",198,0.99375
"150",199,0.99375
"151",200,0.990625
"152",201,0.990625
"153",202,0.990625
"154",203,0.990384615384615
"155",204,0.988782051282051
"156",205,0.988486842105263
"157",206,0.988175675675676
"158",207,0.988175675675676
"159",208,0.97972972972973
"160",209,0.978040540540541
"161",210,0.977430555555556
"162",211,0.974662162162162
"163",212,0.973958333333333
"164",213,0.972972972972973
"165",214,0.973684210526316
"166",215,0.972972972972973
"167",216,0.973684210526316
"168",217,0.973684210526316
"169",218,0.972972972972973
"170",219,0.975694444444444
"171",220,0.975694444444444
"172",221,0.976351351351351
"173",222,0.976351351351351
"174",223,0.976351351351351
"175",224,0.976973684210526
"176",225,0.977564102564103
"177",226,0.978125
"178",227,0.978658536585366
"179",228,0.978125
"180",229,0.96875
"181",230,0.969512195121951
"182",231,0.969512195121951
"183",232,0.970238095238095
"184",233,0.97093023255814
"185",234,0.97093023255814
"186",235,0.97093023255814
"187",236,0.97093023255814
"188",237,0.970238095238095
"189",238,0.97093023255814
"190",239,0.97093023255814
"191",240,0.96969696969697
"192",241,0.97037037037037
"193",242,0.968253968253968
"194",243,0.968253968253968
"195",244,0.968944099378882
"196",245,0.968253968253968
"197",246,0.968944099378882
"198",247,0.968085106382979
"199",248,0.96875
"200",249,0.969387755102041
"201",250,0.967692307692308
"202",251,0.965
"203",252,0.957516339869281
"204",253,0.957516339869281
"205",254,0.955436720142603
"206",255,0.956293706293706
"207",256,0.956293706293706
"208",257,0.951923076923077
"209",258,0.952830188679245
"210",259,0.952830188679245
"211",260,0.952830188679245
"212",261,0.951851851851852
"213",262,0.947474747474747
"214",263,0.948660714285714
"215",264,0.947368421052632
"216",265,0.940886699507389
"217",266,0.940886699507389
"218",267,0.940886699507389
"219",268,0.941888619854722
"220",269,0.941888619854722
"221",270,0.942857142857143
"222",271,0.942857142857143
"223",272,0.933333333333333
"224",273,0.938888888888889
"225",274,0.939890710382514
"226",275,0.938888888888889
"227",276,0.939890710382514
"228",277,0.964516129032258
"229",278,0.956349206349206
"230",279,0.942708333333333
"231",280,0.943589743589744
"232",281,0.953846153846154
"233",282,0.953846153846154
"234",283,0.954545454545455
"235",284,NA
"236",285,NA
"237",286,NA
"238",287,NA
"239",288,NA
"240",289,NA
"241",290,NA
"242",291,NA
"243",292,NA
"244",293,0.4
"245",294,0.269230769230769
"246",295,0.510416666666667
"247",296,0.626984126984127
"248",297,0.674193548387097
"249",298,0.667741935483871
"250",299,0.667741935483871
"251",300,0.667741935483871
"252",301,0.670967741935484
"253",302,0.670967741935484
"254",303,0.676190476190476
"255",304,0.676190476190476
"256",305,0.676190476190476
"257",306,0.675
"258",307,0.673846153846154
"259",308,0.678125
"260",309,0.682539682539683
"261",310,0.682539682539683
"262",311,0.687096774193548
"263",312,0.685714285714286
"264",313,0.688888888888889
"265",314,0.690322580645161
"266",315,0.692063492063492
"267",316,0.692063492063492
"268",317,0.688888888888889
"269",318,0.690625
"270",319,0.689230769230769
"271",320,0.695384615384615
"272",321,0.689230769230769
"273",322,0.689230769230769
"274",323,0.693939393939394
"275",324,0.693939393939394
"276",325,0.693939393939394
"277",326,0.690909090909091
"278",327,0.693939393939394
"279",328,0.695522388059701
"280",329,0.698507462686567
"281",330,0.701492537313433
"282",331,0.701492537313433
"283",332,0.696969696969697
"284",333,0.7
"285",334,0.698507462686567
"286",335,0.7
"287",336,0.693939393939394
"288",337,0.692537313432836
"289",338,0.690909090909091
"290",339,0.692307692307692
"291",340,0.692307692307692
"292",341,0.69375
"293",342,0.69375
"294",343,0.695384615384615
"295",344,0.69375
"296",345,0.695384615384615
"297",346,0.698461538461538
"298",347,0.7
"299",348,0.703125
"300",349,0.703125
"301",350,0.701587301587302
"302",351,0.703125
"303",352,0.709375
"304",353,0.709375
"305",354,0.709375
"306",355,0.70625
"307",356,0.70625
"308",357,0.704615384615385
"309",358,0.704615384615385
"310",359,0.7
"311",360,0.690625
"312",361,0.695238095238095
"313",362,0.696774193548387
"314",363,0.695081967213115
"315",364,0.7
"316",365,0.701694915254237
"317",366,0.701694915254237
"318",367,0.7
"319",368,0.7
"320",369,0.704918032786885
"321",370,0.704918032786885
"322",371,0.7
"323",372,0.698412698412698
"324",373,0.695238095238095
"325",374,0.693548387096774
"326",375,0.695238095238095
"327",376,0.692063492063492
"328",377,0.685714285714286
"329",378,0.688888888888889
"330",379,0.688888888888889
"331",380,0.688888888888889
"332",381,0.69375
"333",382,0.692307692307692
"334",383,0.692307692307692
"335",384,0.695384615384615
"336",385,0.689230769230769
"337",386,0.689230769230769
"338",387,0.687878787878788
"339",388,0.686153846153846
"340",389,0.68125
"341",390,0.68125
"342",391,0.683076923076923
"343",392,0.683076923076923
"344",393,0.753787878787879
"345",394,0.96969696969697
"346",395,0.954545454545455
"347",396,0.924242424242424
"348",397,NA
"349",398,NA
"350",399,NA
"351",400,NA
"352",401,NA
"353",402,NA
"354",403,NA
"355",404,NA
"356",405,NA
"357",406,NA
"358",407,NA
"359",408,NA
"360",409,NA
"361",410,NA
"362",411,NA
"363",412,NA
"364",413,NA
"365",414,NA
"366",415,NA
"367",416,NA
"368",417,NA
"369",418,NA
"370",419,NA
"371",420,NA
"372",421,NA
"373",422,NA
"374",423,NA
"375",424,NA
"376",425,NA
"377",426,NA
"378",427,NA
"379",428,NA
"380",429,NA
"381",430,NA
"382",431,NA
"383",432,NA
"384",433,NA
"385",434,NA
"386",435,NA
"387",436,NA
"388",437,NA
"389",438,NA
"390",439,NA
"391",440,NA
"392",441,NA
"393",442,NA
"394",443,NA
"395",444,NA
"396",445,NA
"397",446,NA
"398",447,NA
"399",448,NA
"400",449,NA
"401",450,NA
"402",451,NA
"403",452,NA
"404",453,NA
"405",454,NA
"406",455,NA
"407",456,NA
"408",457,NA
"409",458,NA
"410",459,NA
"411",460,NA
"412",461,NA
"413",462,NA
"414",463,NA
"415",464,NA
"416",465,NA
"417",466,NA
"418",467,NA
"419",468,NA
"420",469,NA
"421",470,NA
"422",471,NA
"423",472,NA
"424",473,NA
"425",474,NA
"426",475,NA
"427",476,1
"428",477,1
"429",478,1
"430",479,1
"431",480,1
"432",481,1
"433",482,1
"434",483,1
"435",484,1
"436",485,1
"437",486,1
"438",487,1
"439",488,0.984848484848485
"440",489,0.985074626865672
"441",490,0.985074626865672
"442",491,0.984848484848485
"443",492,0.985074626865672
"444",493,0.984848484848485
"445",494,0.985074626865672
"446",495,0.985294117647059
"447",496,0.985507246376812
"448",497,0.985507246376812
"449",498,0.985294117647059
"450",499,0.985074626865672
"451",500,0.98134328358209
"452",501,0.98134328358209
"453",502,0.985074626865672
"454",503,0.985074626865672
"455",504,0.985074626865672
"456",505,0.985074626865672
"457",506,0.985074626865672
"458",507,0.985294117647059
"459",508,0.985294117647059
"460",509,0.985507246376812
"461",510,0.985507246376812
"462",511,0.985507246376812
"463",512,0.985507246376812
"464",513,0.988235294117647
"465",514,0.990049751243781
"466",515,0.991471215351812
"467",516,0.991471215351812
"468",517,0.989339019189766
"469",518,0.987206823027719
"470",519,0.985074626865672
"471",520,0.985074626865672
"472",521,0.987012987012987
"473",522,0.987206823027719
"474",523,0.987012987012987
"475",524,0.987012987012987
"476",525,0.987012987012987
"477",526,0.987012987012987
"478",527,0.986813186813187
"479",528,0.986813186813187
"480",529,0.986607142857143
"481",530,0.986607142857143
"482",531,0.986394557823129
"483",532,0.986394557823129
"484",533,0.986175115207373
"485",534,0.986394557823129
"486",535,0.986394557823129
"487",536,0.986175115207373
"488",537,0.986394557823129
"489",538,0.988662131519274
"490",539,0.990783410138249
"491",540,0.99092970521542
"492",541,0.990783410138249
"493",542,0.990783410138249
"494",543,0.99092970521542
"495",544,0.99092970521542
"496",545,0.990783410138249
"497",546,0.990783410138249
"498",547,0.99092970521542
"499",548,0.988662131519274
"500",549,0.988662131519274
"501",550,0.988662131519274
"502",551,0.988662131519274
"503",552,0.988839285714286
"504",553,0.988662131519274
"505",554,0.988662131519274
"506",555,0.988839285714286
"507",556,0.988662131519274
"508",557,0.988479262672811
"509",558,0.981859410430839
"510",559,0.981859410430839
"511",560,0.981566820276498
"512",561,0.981264637002342
"513",562,0.981264637002342
"514",563,0.980952380952381
"515",564,0.981264637002342
"516",565,0.981264637002342
"517",566,0.981264637002342
"518",567,0.981264637002342
"519",568,0.980952380952381
"520",569,0.980629539951574
"521",570,0.980952380952381
"522",571,0.980952380952381
"523",572,0.980952380952381
"524",573,0.981264637002342
"525",574,0.981264637002342
"526",575,0.981566820276498
"527",576,0.981481481481482
"528",577,0.981481481481482
"529",578,0.981481481481482
"530",579,0.981770833333333
"531",580,0.981481481481482
"532",581,0.981481481481482
"533",582,0.981481481481482
"534",583,0.981481481481482
"535",584,0.981182795698925
"536",585,0.978835978835979
"537",586,0.978125
"538",587,0.97265625
"539",588,1
"540",589,1
"541",590,1
"542",591,1
"543",592,1
"544",593,1
"545",594,1
"546",595,1
"547",596,1
"548",597,1
"549",598,1
"550",599,1
"551",600,1
"552",601,1
"553",602,1
"554",603,1
"555",604,1
"556",605,1
"557",606,1
"558",607,1
"559",608,1
"560",609,1
"561",610,1
"562",611,1
"563",612,1
"564",613,1
"565",614,1
"566",615,NA
"567",616,NA
"568",617,NA
"569",618,NA
"570",619,NA
"571",620,NA
"572",621,NA
"573",622,NA
"574",623,NA
"575",624,NA
"576",625,NA
"577",626,NA
"578",627,NA
"579",628,NA
"580",629,NA
"581",630,NA
"582",631,NA
"583",632,1
"584",633,1
"585",634,1
"586",635,1
"587",636,1
"588",637,0.994444444444444
"589",638,0.994350282485876
"590",639,0.991525423728814
"591",640,0.991525423728814
"592",641,0.991666666666667
"593",642,0.991666666666667
"594",643,0.991666666666667
"595",644,0.991525423728814
"596",645,0.991525423728814
"597",646,0.991379310344828
"598",647,0.991228070175439
"599",648,0.983630952380952
"600",649,0.983333333333333
"601",650,0.983024691358025
"602",651,0.914021164021164
"603",652,0.911375661375661
"604",653,0.912987012987013
"605",654,0.912987012987013
"606",655,0.912987012987013
"607",656,0.911989795918367
"608",657,0.911989795918367
"609",658,0.927272727272727
"610",659,0.936213991769547
"611",660,0.935353535353535
"612",661,0.935353535353535
"613",662,0.937373737373737
"614",663,0.938492063492063
"615",664,0.94047619047619
"616",665,0.941414141414141
"617",666,0.946296296296296
"618",667,0.951972555746141
"619",668,0.951972555746141
"620",669,0.951972555746141
"621",670,0.951972555746141
"622",671,0.95368782161235
"623",672,0.955403087478559
"624",673,0.956293706293706
"625",674,0.959935897435897
"626",675,0.962292609351433
"627",676,0.961538461538462
"628",677,0.960753532182104
"629",678,0.964285714285714
"630",679,0.964285714285714
"631",680,0.965014577259475
"632",681,0.965014577259475
"633",682,0.96577380952381
"634",683,0.964285714285714
"635",684,0.965014577259475
"636",685,0.96875
"637",686,0.969604863221885
"638",687,0.970238095238095
"639",688,0.96875
"640",689,0.969604863221885
"641",690,0.970238095238095
"642",691,0.974164133738602
"643",692,0.974164133738602
"644",693,0.974702380952381
"645",694,0.974702380952381
"646",695,0.975218658892128
"647",696,0.97667638483965
"648",697,0.977142857142857
"649",698,0.978571428571429
"650",699,0.978991596638655
"651",700,0.977591036414566
"652",701,0.977591036414566
"653",702,0.977777777777778
"654",703,0.977333333333333
"655",704,0.977333333333333
"656",705,0.97875
"657",706,0.978316326530612
"658",707,0.978316326530612
"659",708,0.980867346938776
"660",709,0.981770833333333
"661",710,0.981770833333333
"662",711,0.981770833333333
"663",712,0.98046875
"664",713,0.981382978723404
"665",714,0.980978260869565
"666",715,0.980978260869565
"667",716,0.980978260869565
"668",717,0.982097186700767
"669",718,0.983091787439614
"670",719,0.983950617283951
"671",720,0.984795321637427
"672",721,0.985227272727273
"673",722,0.984883720930233
"674",723,0.984883720930233
"675",724,0.984883720930233
"676",725,0.985714285714286
"677",726,0.985714285714286
"678",727,0.986585365853659
"679",728,0.986904761904762
"680",729,0.986046511627907
"681",730,0.986363636363636
"682",731,0.986363636363636
"683",732,0.984795321637427
"684",733,0.983981693363844
"685",734,0.983625730994152
"686",735,0.983625730994152
"687",736,0.982716049382716
"688",737,0.980818414322251
"689",738,0.981226533166458
"690",739,0.979166666666667
"691",740,0.979166666666667
"692",741,0.978723404255319
"693",742,0.978723404255319
"694",743,0.977393617021277
"695",744,0.977864583333333
"696",745,0.975510204081633
"697",746,0.974666666666667
"698",747,0.97516339869281
"699",748,0.972527472527473
"700",749,0.973045822102426
"701",750,0.973544973544973
"702",751,1
"703",752,1
"704",753,1
"705",754,1
"706",755,1
"707",756,1
"708",757,1
"709",758,1
"710",759,0.99859943977591
"711",760,0.99859943977591
"712",761,0.99859943977591
"713",762,0.99859943977591
"714",763,0.99859943977591
"715",764,0.99859943977591
"716",765,0.998626373626374
"717",766,0.998548621190131
"718",767,0.998427672955975
"719",768,0.998427672955975
"720",769,0.998456790123457
"721",770,0.998427672955975
"722",771,0.998427672955975
"723",772,0.998427672955975
"724",773,0.998427672955975
"725",774,0.998316498316498
"726",775,0.998181818181818
"727",776,0.998181818181818
"728",777,0.998214285714286
"729",778,0.998050682261209
"730",779,0.998050682261209
"731",780,0.998015873015873
"732",781,0.998015873015873
"733",782,0.998015873015873
"734",783,0.998015873015873
"735",784,0.998015873015873
"736",785,0.998050682261209
"737",786,0.998050682261209
"738",787,0.998015873015873
"739",788,0.998015873015873
"740",789,0.998050682261209
"741",790,0.998050682261209
"742",791,0.996168582375479
"743",792,0.99623352165725
"744",793,0.996168582375479
"745",794,0.99623352165725
"746",795,0.99623352165725
"747",796,0.99623352165725
"748",797,0.996168582375479
"749",798,0.996168582375479
"750",799,0.996101364522417
"751",800,0.996101364522417
"752",801,0.996168582375479
"753",802,0.995762711864407
"754",803,0.995833333333333
"755",804,0.995901639344262
"756",805,0.995316159250585
"757",806,0.995391705069124
"758",807,0.99546485260771
"759",808,0.995391705069124
"760",809,0.995391705069124
"761",810,0.995901639344262
"762",811,0.995833333333333
"763",812,0.99623352165725
"764",813,0.996610169491525
"765",814,0.996666666666667
"766",815,0.996666666666667
"767",816,0.996666666666667
"768",817,0.996357012750455
"769",818,0.995967741935484
"770",819,0.996031746031746
"771",820,0.99546485260771
"772",821,0.994708994708995
"773",822,0.994791666666667
"774",823,0.994791666666667
"775",824,0.994708994708995
"776",825,0.994791666666667
"777",826,0.994708994708995
"778",827,0.994708994708995
"779",828,0.994708994708995
"780",829,0.994708994708995
"781",830,0.994623655913978
"782",831,0.976958525345622
"783",832,0.978922716627635
"784",833,0.979166666666667
"785",834,0.979166666666667
"786",835,0.979166666666667
"787",836,0.979508196721312
"788",837,0.979508196721312
"789",838,0.979508196721312
"790",839,0.979508196721312
"791",840,0.979508196721312
"792",841,0.979838709677419
"793",842,0.979508196721312
"794",843,0.977459016393443
"795",844,0.977083333333333
"796",845,0.966101694915254
"797",846,0.96551724137931
"798",847,0.964912280701754
"799",848,0.964285714285714
"800",849,0.963636363636364
"801",850,0.961616161616162
"802",851,0.969135802469136
"803",852,0.96969696969697
"804",853,0.969135802469136
"805",854,0.969135802469136
"806",855,0.972222222222222
"807",856,0.972222222222222
"808",857,0.974747474747475
"809",858,0.972222222222222
"810",859,0.971717171717172
"811",860,0.97119341563786
"812",861,0.971717171717172
"813",862,0.971717171717172
"814",863,0.95959595959596
"815",864,0.958847736625514
"816",865,0.962264150943396
"817",866,0.961538461538462
"818",867,0.961538461538462
"819",868,0.961538461538462
"820",869,0.964349376114082
"821",870,0.967320261437909
"822",871,0.966666666666667
"823",872,0.965986394557823
"824",873,0.966666666666667
"825",874,0.966666666666667
"826",875,0.965986394557823
"827",876,0.966666666666667
"828",877,0.966666666666667
"829",878,0.97
"830",879,0.97
"831",880,0.97
"832",881,0.969387755102041
"833",882,0.97
"834",883,0.969387755102041
"835",884,0.96875
"836",885,0.96875
"837",886,0.969387755102041
"838",887,0.969387755102041
"839",888,0.969387755102041
"840",889,0.969387755102041
"841",890,0.969387755102041
"842",891,0.973958333333333
"843",892,0.963541666666667
"844",893,0.959183673469388
"845",894,0.959183673469388
"846",895,0.958333333333333
"847",896,0.959083469721768
"848",897,0.962006079027356
"849",898,0.963768115942029
"850",899,0.963315217391304
"851",900,0.9625
"852",901,0.961647727272727
"853",902,0.960755813953488
"854",903,0.96218487394958
"855",904,0.961262553802009
"856",905,0.959349593495935
"857",906,0.959349593495935
"858",907,0.958333333333333
"859",908,0.959349593495935
"860",909,0.94973544973545
"861",910,0.952120383036936
"862",911,0.953208556149733
"863",912,0.952777777777778
"864",913,0.955072463768116
"865",914,0.954074074074074
"866",915,0.951704545454545
"867",916,0.950581395348837
"868",917,0.955182072829132
"869",918,0.956958393113343
"870",919,0.955882352941177
"871",920,0.955882352941177
"872",921,0.955882352941177
"873",922,0.957767722473605
"874",923,0.951734539969834
"875",924,0.95014245014245
"876",925,0.947368421052632
"877",926,0.947368421052632
"878",927,0.946052631578947
"879",928,0.944594594594595
"880",929,0.943055555555556
"881",930,0.945767195767196
"882",931,0.956349206349206
"883",932,0.956349206349206
"884",933,0.961111111111111
"885",934,0.961111111111111
"886",935,0.962162162162162
"887",936,0.960810810810811
"888",937,0.959722222222222
"889",938,0.959722222222222
"890",939,0.946938775510204
"891",940,0.945378151260504
"892",941,0.943722943722944
"893",942,0.946280991735537
"894",943,0.949728260869565
"895",944,0.949728260869565
"896",945,0.958677685950413
"897",946,0.958677685950413
"898",947,0.958677685950413
"899",948,0.959893048128342
"900",949,0.961038961038961
"901",950,0.962337662337662
"902",951,0.963383838383838
"903",952,0.963383838383838
"904",953,0.963383838383838
"905",954,0.964373464373464
"906",955,0.962676962676963
"907",956,0.960810810810811
"908",957,0.95983379501385
"909",958,0.95983379501385
"910",959,0.958748221906117
"911",960,0.960810810810811
"912",961,0.959722222222222
"913",962,0.961904761904762
"914",963,0.970588235294118
"915",964,0.970588235294118
"916",965,0.969117647058824
"917",966,0.969117647058824
"918",967,0.968571428571429
"919",968,0.968571428571429
"920",969,0.967836257309941
"921",970,0.966966966966967
"922",971,0.966966966966967
"923",972,0.967836257309941
"924",973,0.967836257309941
"925",974,0.966966966966967
"926",975,0.967836257309941
"927",976,0.951754385964912
"928",977,0.95045045045045
"929",978,0.95045045045045
"930",979,0.95045045045045
"931",980,0.951754385964912
"932",981,0.952991452991453
"933",982,0.952991452991453
"934",983,0.952991452991453
"935",984,0.954166666666667
"936",985,0.954166666666667
"937",986,0.952991452991453
"938",987,0.952991452991453
"939",988,0.952991452991453
"940",989,0.951754385964912
"941",990,0.951754385964912
"942",991,0.951566951566951
"943",992,0.962962962962963
"944",993,0.965811965811966
"945",994,0.965811965811966
"946",995,0.966666666666667
"947",996,0.965566714490674
"948",997,0.962797619047619
"949",998,0.96031746031746
"950",999,0.960884353741496
"951",1000,0.961794019933555
"952",1001,0.962662337662338
"953",1002,0.963492063492064
"954",1003,0.959866220735786
"955",1004,0.960720130932897
"956",1005,0.963541666666667
"957",1006,0.963541666666667
"958",1007,0.962585034013605
"959",1008,0.940705128205128
"960",1009,0.944528875379939
"961",1010,0.94332298136646
"962",1011,0.928148148148148
"963",1012,0.931060606060606
"964",1013,0.923691860465116
"965",1014,0.926812585499316
"966",1015,0.923691860465116
"967",1016,0.925426136363636
"968",1017,0.923703703703704
"969",1018,0.92536231884058
"970",1019,0.926950354609929
"971",1020,0.928472222222222
"972",1021,0.928472222222222
"973",1022,0.928472222222222
"974",1023,0.935416666666667
"975",1024,0.933673469387755
"976",1025,0.930141287284144
"977",1026,0.930141287284144
"978",1027,0.926020408163265
"979",1028,0.926020408163265
"980",1029,0.9275
"981",1030,0.922459893048128
"982",1031,0.914705882352941
"983",1032,0.910576923076923
"984",1033,0.910576923076923
"985",1034,0.912264150943396
"986",1035,0.912264150943396
"987",1036,0.914150943396226
"988",1037,0.914150943396226
"989",1038,0.914150943396226
"990",1039,0.925576519916143
"991",1040,0.925576519916143
"992",1041,0.931132075471698
"993",1042,0.923480083857442
"994",1043,0.913915094339623
"995",1044,0.917190775681342
"996",1045,0.912997903563941
"997",1046,0.912997903563941
"998",1047,0.900205761316872
"999",1048,0.896090534979424
"1000",1049,0.89412997903564
"1001",1050,0.896367521367521
"1002",1051,0.896367521367521
"1003",1052,0.894335511982571
"1004",1053,0.896367521367521
"1005",1054,0.896367521367521
"1006",1055,0.89832285115304
"1007",1056,0.898148148148148
"1008",1057,0.898148148148148
"1009",1058,0.898148148148148
"1010",1059,0.9
"1011",1060,0.8875
"1012",1061,0.889508928571429
"1013",1062,0.878446115288221
"1014",1063,0.880541871921182
"1015",1064,0.880541871921182
"1016",1065,0.882566585956416
"1017",1066,0.882566585956416
"1018",1067,0.889162561576355
"1019",1068,0.891041162227603
"1020",1069,0.87409200968523
"1021",1070,0.874384236453202
"1022",1071,0.871670702179177
"1023",1072,0.871670702179177
"1024",1073,0.869458128078818
"1025",1074,0.871670702179177
"1026",1075,0.87409200968523
"1027",1076,0.891041162227603
"1028",1077,0.892857142857143
"1029",1078,0.892857142857143
"1030",1079,0.892857142857143
"1031",1080,0.892857142857143
"1032",1081,0.891041162227603
"1033",1082,0.891041162227603
"1034",1083,0.892857142857143
"1035",1084,0.892857142857143
"1036",1085,0.891041162227603
"1037",1086,0.883333333333333
"1038",1087,0.868852459016393
"1039",1088,0.868852459016393
"1040",1089,0.870967741935484
"1041",1090,0.868852459016393
"1042",1091,0.873536299765808
"1043",1092,0.871428571428572
"1044",1093,0.871428571428572
"1045",1094,0.869249394673124
"1046",1095,0.869249394673124
"1047",1096,0.87409200968523
"1048",1097,0.876847290640394
"1049",1098,0.876847290640394
"1050",1099,0.876847290640394
"1051",1100,0.876847290640394
"1052",1101,0.876847290640394
"1053",1102,0.87468671679198
"1054",1103,0.887218045112782
"1055",1104,0.887218045112782
"1056",1105,0.897959183673469
"1057",1106,0.897959183673469
"1058",1107,0.906493506493506
"1059",1108,0.921212121212121
"1060",1109,0.921428571428571
"1061",1110,0.91578947368421
"1062",1111,0.939655172413793
"1063",1112,0.939655172413793
"1064",1113,0.949152542372881
"1065",1114,0.95
"1066",1115,0.95
"1067",1116,0.95
"1068",1117,0.95
"1069",1118,0.95
"1070",1119,0.95
"1071",1120,0.95
"1072",1121,0.95
"1073",1122,0.950819672131147
"1074",1123,0.95
"1075",1124,0.95
"1076",1125,0.950819672131147
"1077",1126,0.951612903225806
"1078",1127,0.951612903225806
"1079",1128,0.952380952380952
"1080",1129,0.951612903225806
"1081",1130,0.950819672131147
"1082",1131,0.943548387096774
"1083",1132,0.942622950819672
"1084",1133,0.942622950819672
"1085",1134,0.942622950819672
"1086",1135,0.942622950819672
"1087",1136,0.942622950819672
"1088",1137,0.943548387096774
"1089",1138,0.942622950819672
"1090",1139,0.943548387096774
"1091",1140,0.944444444444444
"1092",1141,0.9375
"1093",1142,0.9375
"1094",1143,0.9375
"1095",1144,NA
"1096",1145,NA
"1097",1146,NA
"1098",1147,NA
"1099",1148,NA
"1100",1149,NA
"1101",1150,NA
"1102",1151,NA
"1103",1152,NA
"1104",1153,NA
"1105",1154,NA
"1106",1155,NA
"1107",1156,NA
"1108",1157,NA
"1109",1158,NA
"1110",1159,NA
"1111",1160,NA
"1112",1161,NA
"1113",1162,NA
"1114",1163,NA
"1115",1164,NA
"1116",1165,NA
"1117",1166,NA
"1118",1167,NA
"1119",1168,NA
"1120",1169,NA
"1121",1170,NA
"1122",1171,NA
"1123",1172,NA
"1124",1173,NA
"1125",1174,NA
"1126",1175,NA
"1127",1176,NA
"1128",1177,NA
"1129",1178,NA
"1130",1179,NA
"1131",1180,NA
"1132",1181,NA
"1133",1182,NA
"1134",1183,NA
"1135",1184,NA
"1136",1185,NA
"1137",1186,NA
"1138",1187,NA
"1139",1188,NA
"1140",1189,NA
"1141",1190,NA
"1142",1191,NA
"1143",1192,NA
"1144",1193,0.918032786885246
"1145",1194,0.942622950819672
"1146",1195,0.942622950819672
"1147",1196,0.942622950819672
"1148",1197,0.943548387096774
"1149",1198,0.943548387096774
"1150",1199,0.943548387096774
"1151",1200,0.942622950819672
"1152",1201,0.872222222222222
"1153",1202,0.872222222222222
"1154",1203,0.870056497175141
"1155",1204,0.864406779661017
"1156",1205,0.866666666666667
"1157",1206,0.866666666666667
"1158",1207,0.866666666666667
"1159",1208,0.863387978142076
"1160",1209,0.85792349726776
"1161",1210,0.866666666666667
"1162",1211,0.872222222222222
"1163",1212,0.868852459016393
"1164",1213,0.866666666666667
"1165",1214,0.864406779661017
"1166",1215,0.866666666666667
"1167",1216,0.866666666666667
"1168",1217,0.864406779661017
"1169",1218,0.870056497175141
"1170",1219,0.867816091954023
"1171",1220,0.865497076023392
"1172",1221,0.867816091954023
"1173",1222,0.865497076023392
"1174",1223,0.865497076023392
"1175",1224,0.865497076023392
"1176",1225,0.865497076023392
"1177",1226,0.869047619047619
"1178",1227,0.871345029239766
"1179",1228,0.869047619047619
"1180",1229,0.871345029239766
"1181",1230,0.867816091954023
"1182",1231,0.873563218390805
"1183",1232,0.870056497175141
"1184",1233,0.872222222222222
"1185",1234,0.870056497175141
"1186",1235,0.870056497175141
"1187",1236,0.870056497175141
"1188",1237,0.870056497175141
"1189",1238,0.872222222222222
"1190",1239,0.872222222222222
"1191",1240,0.870056497175141
"1192",1241,0.864406779661017
"1193",1242,0.866666666666667
"1194",1243,0.866666666666667
"1195",1244,0.855555555555556
"1196",1245,0.85792349726776
"1197",1246,0.85792349726776
"1198",1247,0.861111111111111
"1199",1248,0.863387978142076
"1200",1249,0.85792349726776
"1201",1250,0.85792349726776
"1202",1251,0.872222222222222
"1203",1252,0.877777777777778
"1204",1253,0.866666666666667
"1205",1254,0.872222222222222
"1206",1255,0.872222222222222
"1207",1256,0.870056497175141
"1208",1257,0.867816091954023
"1209",1258,0.873563218390805
"1210",1259,0.873563218390805
"1211",1260,0.875706214689266
"1212",1261,0.870056497175141
"1213",1262,0.867816091954023
"1214",1263,0.870056497175141
"1215",1264,0.870056497175141
"1216",1265,0.870056497175141
"1217",1266,0.861111111111111
"1218",1267,0.861111111111111
"1219",1268,0.858757062146893
"1220",1269,0.858757062146893
"1221",1270,0.847457627118644
"1222",1271,0.847457627118644
"1223",1272,0.85
"1224",1273,0.864406779661017
"1225",1274,0.866666666666667
"1226",1275,0.864406779661017
"1227",1276,0.864406779661017
"1228",1277,0.866666666666667
"1229",1278,0.863387978142076
"1230",1279,0.861111111111111
"1231",1280,0.858757062146893
"1232",1281,0.861111111111111
"1233",1282,0.863387978142076
"1234",1283,0.861111111111111
"1235",1284,0.861111111111111
"1236",1285,0.861111111111111
"1237",1286,0.861111111111111
"1238",1287,0.85792349726776
"1239",1288,0.863387978142076
"1240",1289,0.863387978142076
"1241",1290,0.863387978142076
"1242",1291,0.863387978142076
"1243",1292,0.863387978142076
"1244",1293,0.838709677419355
"1245",1294,0.682539682539683
"1246",1295,0.67741935483871
"1247",1296,0.67741935483871
"1248",1297,0.67741935483871
"1249",1298,0.682539682539683
"1250",1299,0.671875
"1251",1300,0.676923076923077
"1252",1301,NA
"1253",1302,NA
"1254",1303,NA
"1255",1304,NA
"1256",1305,NA
"1257",1306,NA
"1258",1307,NA
"1259",1308,NA
"1260",1309,NA
"1261",1310,NA
"1262",1311,NA
"1263",1312,NA
"1264",1313,NA
"1265",1314,NA
"1266",1315,NA
"1267",1316,NA
"1268",1317,NA
"1269",1318,NA
"1270",1319,NA
"1271",1320,NA
"1272",1321,NA
"1273",1322,NA
"1274",1323,NA
"1275",1324,NA
"1276",1325,NA
"1277",1326,NA
"1278",1327,NA
"1279",1328,NA
"1280",1329,NA
"1281",1330,NA
"1282",1331,NA
"1283",1332,NA
"1284",1333,NA
"1285",1334,NA
"1286",1335,NA
"1287",1336,NA
"1288",1337,NA
"1289",1338,NA
"1290",1339,NA
"1291",1340,NA
"1292",1341,NA
"1293",1342,NA
"1294",1343,NA
"1295",1344,NA
"1296",1345,NA
"1297",1346,NA
"1298",1347,NA
"1299",1348,NA
"1300",1349,NA
"1301",1350,NA
"1302",1351,NA
"1303",1352,NA
"1304",1353,NA
"1305",1354,NA
"1306",1355,NA
"1307",1356,NA
"1308",1357,NA
"1309",1358,NA
"1310",1359,NA
"1311",1360,NA
"1312",1361,NA
"1313",1362,NA
"1314",1363,NA
"1315",1364,NA
"1316",1365,NA
"1317",1366,NA
"1318",1367,NA
"1319",1368,NA
"1320",1369,NA
"1321",1370,NA
"1322",1371,1
"1323",1372,1
"1324",1373,1
"1325",1374,1
"1326",1375,1
"1327",1376,1
"1328",1377,1
"1329",1378,1
"1330",1379,1
"1331",1380,1
"1332",1381,1
"1333",1382,1
"1334",1383,1
"1335",1384,1
"1336",1385,1
"1337",1386,1
"1338",1387,1
"1339",1388,1
"1340",1389,1
"1341",1390,1
"1342",1391,1
"1343",1392,1
"1344",1393,1
"1345",1394,1
"1346",1395,1
"1347",1396,1
"1348",1397,1
"1349",1398,1
"1350",1399,1
"1351",1400,1
"1352",1401,1
"1353",1402,1
"1354",1403,1
"1355",1404,1
"1356",1405,1
"1357",1406,1
"1358",1407,1
"1359",1408,1
"1360",1409,1
"1361",1410,1
"1362",1411,1
"1363",1412,1
"1364",1413,1
"1365",1414,1
"1366",1415,1
"1367",1416,1
"1368",1417,1
"1369",1418,1
"1370",1419,1
"1371",1420,1
"1372",1421,1
"1373",1422,1
"1374",1423,1
"1375",1424,1
"1376",1425,1
"1377",1426,1
"1378",1427,1
"1379",1428,1
"1380",1429,1
"1381",1430,1
"1382",1431,1
"1383",1432,1
"1384",1433,1
"1385",1434,1
"1386",1435,1
"1387",1436,1
"1388",1437,1
"1389",1438,1
"1390",1439,1
"1391",1440,1
"1392",1441,1
"1393",1442,1
"1394",1443,1
"1395",1444,1
"1396",1445,1
"1397",1446,1
"1398",1447,1
"1399",1448,1
"1400",1449,0.995283018867924
"1401",1450,0.995192307692308
"1402",1451,0.938997821350762
"1403",1452,0.944
"1404",1453,0.949907235621521
"1405",1454,0.950757575757576
"1406",1455,0.950354609929078
"1407",1456,0.950354609929078
"1408",1457,0.952127659574468
"1409",1458,0.953125
"1410",1459,0.953125
"1411",1460,0.958333333333333
"1412",1461,0.958333333333333
"1413",1462,0.954861111111111
"1414",1463,0.955673758865248
"1415",1464,0.956597222222222
"1416",1465,0.957446808510638
"1417",1466,0.955673758865248
"1418",1467,0.956597222222222
"1419",1468,0.95578231292517
"1420",1469,0.95578231292517
"1421",1470,0.95
"1422",1471,0.945454545454545
"1423",1472,0.945454545454545
"1424",1473,0.94
"1425",1474,0.934640522875817
"1426",1475,0.930288461538462
"1427",1476,0.931603773584906
"1428",1477,0.929245283018868
"1429",1478,0.928240740740741
"1430",1479,0.928240740740741
"1431",1480,0.925
"1432",1481,0.926339285714286
"1433",1482,0.925438596491228
"1434",1483,0.926724137931034
"1435",1484,0.924568965517241
"1436",1485,0.923371647509579
"1437",1486,0.923976608187134
"1438",1487,0.923976608187134
"1439",1488,0.923976608187134
"1440",1489,0.926587301587302
"1441",1490,0.925252525252525
"1442",1491,0.92962962962963
"1443",1492,0.930188679245283
"1444",1493,0.932075471698113
"1445",1494,0.928301886792453
"1446",1495,0.92962962962963
"1447",1496,0.92962962962963
"1448",1497,0.930909090909091
"1449",1498,0.916666666666667
"1450",1499,0.91812865497076
"1451",1500,0.90948275862069
"1452",1501,0.89588377723971
"1453",1502,0.895238095238095
"1454",1503,0.89695550351288
"1455",1504,0.899297423887588
"1456",1505,0.894009216589862
"1457",1506,0.894009216589862
"1458",1507,0.894009216589862
"1459",1508,0.894613583138173
"1460",1509,0.895238095238095
"1461",1510,0.887587822014052
"1462",1511,0.885245901639344
"1463",1512,0.887096774193548
"1464",1513,0.884792626728111
"1465",1514,0.882488479262673
"1466",1515,0.882488479262673
"1467",1516,0.882086167800453
"1468",1517,0.880184331797235
"1469",1518,0.879818594104308
"1470",1519,0.868480725623583
"1471",1520,0.875283446712018
"1472",1521,0.877232142857143
"1473",1522,0.879464285714286
"1474",1523,0.877232142857143
"1475",1524,0.876923076923077
"1476",1525,0.876923076923077
"1477",1526,0.874725274725275
"1478",1527,0.872527472527473
"1479",1528,0.872767857142857
"1480",1529,0.872767857142857
"1481",1530,0.874725274725275
"1482",1531,0.874725274725275
"1483",1532,0.874725274725275
"1484",1533,0.874458874458874
"1485",1534,0.874458874458874
"1486",1535,0.874725274725275
"1487",1536,0.874725274725275
"1488",1537,0.872767857142857
"1489",1538,0.870535714285714
"1490",1539,0.863736263736264
"1491",1540,0.863736263736264
"1492",1541,0.861538461538462
"1493",1542,0.863636363636364
"1494",1543,0.863636363636364
"1495",1544,0.865671641791045
"1496",1545,0.865546218487395
"1497",1546,0.86764705882353
"1498",1547,0.867803837953092
"1499",1548,0.865671641791045
"1500",1549,0.855392156862745
"1501",1550,0.855392156862745
"1502",1551,0.944117647058824
"1503",1552,0.93014705882353
"1504",1553,0.906862745098039
"1505",1554,0.908212560386473
"1506",1555,0.921428571428571
"1507",1556,0.921428571428571
"1508",1557,0.921428571428571
"1509",1558,0.921428571428571
"1510",1559,0.922535211267606
"1511",1560,0.922535211267606
"1512",1561,0.908450704225352
"1513",1562,0.914285714285714
"1514",1563,0.915492957746479
"1515",1564,0.914285714285714
"1516",1565,0.915492957746479
"1517",1566,0.915492957746479
"1518",1567,0.915492957746479
"1519",1568,0.915492957746479
"1520",1569,0.916666666666667
"1521",1570,0.930555555555556
"1522",1571,0.930555555555556
"1523",1572,0.930555555555556
"1524",1573,0.931506849315068
"1525",1574,0.930555555555556
"1526",1575,0.930555555555556
"1527",1576,0.930555555555556
"1528",1577,0.929577464788732
"1529",1578,0.929577464788732
"1530",1579,0.922535211267606
"1531",1580,0.928571428571429
"1532",1581,0.928571428571429
"1533",1582,0.927536231884058
"1534",1583,0.927536231884058
"1535",1584,0.920289855072464
"1536",1585,0.971428571428571
"1537",1586,0.971428571428571
"1538",1587,0.971830985915493
"1539",1588,0.972222222222222
"1540",1589,0.972602739726027
"1541",1590,0.972972972972973
"1542",1591,1
"1543",1592,1
"1544",1593,1
"1545",1594,1
"1546",1595,1
"1547",1596,1
"1548",1597,1
"1549",1598,1
"1550",1599,1
"1551",1600,1
"1552",1601,1
"1553",1602,1
"1554",1603,1
"1555",1604,1
"1556",1605,0.981884057971015
"1557",1606,0.981617647058824
"1558",1607,0.98134328358209
"1559",1608,0.98134328358209
"1560",1609,0.98134328358209
"1561",1610,0.984848484848485
"1562",1611,0.984615384615385
"1563",1612,0.984375
"1564",1613,0.984375
"1565",1614,0.98046875
"1566",1615,0.98015873015873
"1567",1616,0.976190476190476
"1568",1617,0.976190476190476
"1569",1618,0.975806451612903
"1570",1619,0.963709677419355
"1571",1620,0.94758064516129
