"","WT_Reacts","NoCap_Reacts","Base","Position"
"1",0,0,"A",1
"2",0,0,"C",2
"3",0.01173,0.0188828786598491,"A",5
"4",0.02525,0.030806545338173,"C",10
"5",0.05096,0.04591199,"C",12
"6",0.04379,0.042699254,"C",13
"7",0.03214,0.035979542,"A",15
"8",0.06169,0.080671054,"C",16
"9",0.03827,0.043878057,"C",17
"10",0.04557,0.048727613,"A",22
"11",0.05087,0.06168093,"C",23
"12",0.03714,0.0373660583026239,"A",25
"13",0.04058,0.0383003780188656,"C",28
"14",0.04179,0.048080995,"C",30
"15",0.0292,0.036833258,"A",32
"16",0.05076,0.058846473,"C",33
"17",0.02392,0.03016764,"A",34
"18",0.02317,0.0288236693931414,"A",35
"19",0.03723,0.031467062,"A",36
"20",0.04128,0.050842407,"C",37
"21",0.03143,0.043321534,"C",38
"22",0.02193,0.023223313,"A",39
"23",0.05028,0.061836623,"C",40
"24",0.03338,0.038323836,"A",41
"25",0.03241,0.0379209866973049,"A",42
"26",0.04227,0.035394481,"A",43
"27",0.03712,0.0467152163776946,"A",45
"28",0.05144,0.057847519232693,"C",46
"29",0.04165,0.045704105,"A",47
"30",0.03087,0.048640861,"A",52
"31",0.03817,0.050148395,"A",53
"32",0.04836,0.058868743,"C",54
"33",0.04023,0.0416260999530627,"A",55
"34",0.06783,0.067263001,"C",56
"35",0.03499,0.032010279,"A",58
"36",0.0341,0.0414841992855658,"A",60
"37",0.06169,0.068963298,"C",61
"38",0.03425,0.04014125,"C",62
"39",0.03407,0.042696445,"A",64
"40",0.0405,0.0230953178986425,"A",67
"41",0.02934,0.033558293,"C",70
"42",0.02266,0.0214248824143155,"C",73
"43",0.02455,0.0342103147996854,"C",75
"44",0.02015,0.028563018938315,"A",76
"45",0.02354,0.0199061258360631,"A",79
"46",0.00972,0.013425539303879,"C",81
"47",0.03746,0.0338220771142755,"A",85
"48",0.00855,0.0125870275901543,"C",88
"49",0.00585,0.0100929609890321,"C",89
"50",0.03857,0.040112949,"A",91
"51",0.00716,0.014810379,"C",94
"52",0.02652,0.0306075886245467,"A",95
"53",0.00735,0.010999043,"C",96
"54",0.00977,0.0101318113747331,"A",97
"55",0.00311,0.006630244,"C",99
"56",0.00193,0.005145324,"C",101
"57",0.01697,0.0253527,"A",103
"58",0.05493,0.067796583,"A",104
"59",0.02817,0.0248892293607255,"C",106
"60",0.00395,0.006419135,"C",107
"61",0.02424,0.033830007,"C",109
"62",0.03362,0.0375322888305648,"C",110
"63",0.04876,0.016862927,"A",113
"64",0.07652,0.071964162,"C",116
"65",0.03143,0.0421914719893186,"A",118
"66",0.02009,0.028570946,"C",120
"67",0.03097,0.0324906560718296,"C",121
"68",0.03121,0.054531627,"A",123
"69",0.00766,0.0105869363226194,"C",125
"70",0.00866,0.016118557,"C",130
"71",0.00969,0.0160558870353662,"C",131
"72",0.04585,0.03429516,"A",132
"73",0.03753,0.0347728512973317,"C",134
"74",0.03293,0.031889538,"C",135
"75",0.03124,0.034409375,"A",136
"76",0.02949,0.036284414,"C",139
"77",0.04901,0.054224744,"A",140
"78",0.03086,0.043150578,"A",141
"79",0.04361,0.052027917,"C",142
"80",0.03215,0.034684,"C",143
"81",0.04548,0.037789893,"C",146
"82",0.0407,0.041363556,"A",148
"83",0.0137,0.0209313420816043,"A",152
"84",0.01213,0.017592648091967,"A",153
"85",0.01541,0.0226415886714766,"C",154
"86",0.04769,0.048812005,"A",156
"87",0.04365,0.052810913,"C",157
"88",0.04857,0.054846369,"C",158
"89",0.03233,0.031404219,"A",159
"90",0.06029,0.058777092,"C",160
"91",0.03144,0.026750051,"A",161
"92",0.05586,0.0595224516674662,"C",163
"93",0.04656,0.0516326344793975,"A",165
"94",0.05845,0.0566572380598074,"C",166
"95",0.0332,0.038582626,"A",167
"96",0.05057,0.056315391,"A",168
"97",0.01739,0.022508677,"C",169
"98",0.01887,0.0140025731065568,"A",173
"99",0.0149,0.021304303,"C",175
"100",0.04261,0.04991834,"C",178
"101",0.04605,0.049960963,"A",179
"102",0.03282,0.047816901,"C",180
"103",0.03396,0.051028284,"A",181
"104",0.01437,0.0240828883798021,"C",183
"105",0.01171,0.019809793,"C",184
"106",0.0111,0.0165148826980294,"C",185
"107",0.01427,0.0171324928775254,"A",186
"108",0.01489,0.020138893,"C",189
"109",0.0331,0.036352404,"A",190
"110",0.03273,0.037373914,"A",196
"111",0.02735,0.0298174523570712,"A",197
"112",0.03385,0.035728362,"A",199
"113",0.03413,0.032002207,"A",200
"114",0.06561,0.068014119,"C",202
"115",0.04634,0.037159838,"C",205
"116",0.04521,0.04438878,"C",208
"117",0.04346,0.047994532,"A",209
"118",0.04837,0.0551938743018325,"A",211
"119",0.05039,0.057359787,"A",214
"120",0.0333,0.038520856,"A",215
"121",0.04775,0.050375124,"A",217
"122",0.06614,0.067934632,"C",218
"123",0.03914,0.046717414,"C",219
"124",0.02084,0.02667337,"C",220
"125",0.03447,0.0375805366235932,"A",221
"126",0.0333,0.036563874,"C",223
"127",0.03099,0.0348071763579322,"A",224
"128",0.02899,0.0352876441456629,"A",226
"129",0.03001,0.030983,"A",227
"130",0.00759,0.0133025504288722,"C",229
"131",0.02662,0.0258500106116509,"A",232
"132",0.01064,0.0161557503433537,"C",235
"133",0.04409,0.04354988,"C",241
"134",0.01996,0.021767682,"A",242
"135",0.01425,0.0174893514537581,"A",243
"136",0.01317,0.016668243,"C",244
"137",0.03828,0.038497773,"A",247
"138",0.0536,0.056695162,"C",248
"139",0.03805,0.0410826943139071,"A",250
"140",0.03827,0.044547413,"C",254
"141",0.02765,0.032340918,"C",255
"142",0.0232,0.029169273,"C",256
"143",0.01204,0.015437548,"C",257
"144",0.03473,0.0389539761033033,"A",259
"145",0.03563,0.039643467,"A",260
"146",0.03491,0.040782905,"A",262
"147",0.04222,0.042861383,"A",263
"148",0.02614,0.0281544720020005,"C",265
"149",0.00779,0.0137741097089995,"C",270
"150",0.00303,0.006650477,"C",271
"151",0.01471,0.0193305469306107,"C",272
"152",0.0058,0.007518693,"C",273
"153",0.00556,0.007317758,"C",274
"154",0.00851,0.011934218,"A",276
"155",0.01927,0.024502018772751,"A",278
"156",0.04731,0.065039068,"C",282
"157",0.04974,0.053179863,"C",287
"158",0.05736,0.064002003,"C",288
"159",0.04535,0.050440689,"C",289
"160",0.04406,0.048858882,"C",290
"161",0.04193,0.044078643,"C",292
"162",0.03129,0.038306289,"A",293
"163",0.03605,0.042438788,"A",295
"164",0.02913,0.034774452,"A",296
"165",0.03389,0.041049346,"A",297
"166",0.05676,0.065177,"C",298
"167",0.02968,0.036100129,"A",299
"168",0.03004,0.0365341568379272,"A",300
"169",0.05099,0.0604092663161033,"C",301
"170",0.04183,0.045597353,"A",302
"171",0.03825,0.0434273283957835,"A",304
"172",0.03962,0.0427742756503323,"A",305
"173",0.04815,0.054851638,"C",307
"174",0.03809,0.042134861,"C",310
"175",0.04159,0.049817006,"A",313
"176",0.03827,0.053499192,"C",314
"177",0.04756,0.058018886,"C",316
"178",0.04473,0.037044356,"A",319
"179",0.05152,0.066711168,"C",320
"180",0.03076,0.041570575,"C",321
"181",0.04382,0.053329098,"C",323
"182",0.03079,0.040591401,"C",324
"183",0.03138,0.0370694,"C",325
"184",0.03929,0.047161568,"C",327
"185",0.03335,0.0399479828366782,"C",329
"186",0.03886,0.04693512373291,"C",331
"187",0.02269,0.0271687351375744,"C",332
"188",0.04754,0.0593355843784614,"A",334
"189",0.03321,0.0426920174611034,"C",335
"190",0.03079,0.033282917,"C",337
"191",0.01931,0.0197230914337621,"C",338
"192",0.03664,0.037429441,"C",341
"193",0.05045,0.045551334,"C",343
"194",0.02433,0.019408750542395,"C",345
"195",0.01925,0.0212924592209384,"A",346
"196",0.03359,0.029389573,"C",348
"197",0.01645,0.0141503531987039,"C",351
"198",0.02255,0.022410188,"A",353
"199",0.0413,0.043563732,"A",355
"200",0.01723,0.019530448,"A",360
"201",0.04268,0.06506238,"C",363
"202",0.04578,0.066209779,"C",364
"203",0.00623,0.0132535787711442,"A",367
"204",0.10449,0.125000128625593,"C",369
"205",0.01159,0.023367538,"A",370
"206",0.01453,0.0280951873228063,"A",373
"207",0.02856,0.048877198,"A",374
"208",0.05771,0.072724917,"C",375
"209",0.03133,0.035096648,"A",376
"210",0.03608,0.045016305,"A",382
"211",0.03638,0.044917172,"A",383
"212",0.07736,0.081785991,"C",384
"213",0.04731,0.0473759960297591,"A",385
"214",0.00924,0.0159132436268947,"C",388
"215",0.01411,0.020988077,"A",390
"216",0.01308,0.0229566634098611,"C",391
"217",0.03996,0.0487473246285065,"C",392
"218",0.02578,0.034815404397859,"C",393
"219",0.00541,0.008173986,"C",395
"220",0.00827,0.013111514,"C",396
"221",0.01702,0.0165026482085529,"C",397
"222",0.05784,0.044398105,"A",400
"223",0.05679,0.062305465,"C",402
"224",0.0229,0.022868426,"A",403
"225",0.01312,0.0171180505618891,"A",407
"226",0.03749,0.0497327645781141,"A",408
"227",0.05461,0.055372418848685,"C",409
"228",0.07003,0.06972877,"A",411
"229",0.02112,0.021833352,"C",412
"230",0.0157,0.024913748,"C",414
"231",0.01125,0.0163528787401863,"C",415
"232",0.04897,0.061091721,"C",416
"233",0.03894,0.0309937611204236,"A",417
"234",0.05258,0.058362109,"C",418
"235",0.03721,0.037965332618257,"C",419
"236",0.03183,0.0294000033987304,"C",420
"237",0.01477,0.015678445,"A",424
"238",0.06794,0.070425106,"C",426
"239",0.01481,0.0192274559857768,"C",427
"240",0.03717,0.0365966890958391,"C",429
"241",0.04818,0.049522878,"C",430
"242",0.01373,0.0184361949802138,"A",433
"243",0.01297,0.018221666365453,"A",435
"244",0.0144,0.0212178256913974,"C",436
"245",0.00603,0.007729886,"C",437
"246",0.02422,0.0285868288614403,"A",439
"247",0.02296,0.027633251,"A",440
"248",0.03444,0.041170496348726,"C",441
"249",0.01706,0.022728274,"C",442
"250",0.04029,0.0374960111798801,"A",443
"251",0.03299,0.03631123,"C",445
"252",0.03554,0.0325069630778121,"C",448
"253",0.02944,0.032456471,"C",450
"254",0.01869,0.023450559,"C",451
"255",0.04216,0.023764439,"A",454
"256",0.017,0.0211975885649893,"C",455
"257",0.0109,0.018628936,"A",456
"258",0.01461,0.020697396,"C",457
"259",0.01771,0.022242524,"C",458
"260",0.03728,0.037888477,"A",460
"261",0.03457,0.0334869,"C",462
"262",0.03063,0.0315496763323908,"A",463
"263",0.05135,0.0545377,"C",469
"264",0.03979,0.0406265657523477,"C",471
"265",0.02505,0.0261069302871946,"C",472
"266",0.0439,0.0435063334668441,"C",474
"267",0.03452,0.0383689476081609,"A",476
"268",0.05639,0.0575980086921692,"C",478
"269",0.02381,0.022368205,"A",481
"270",0.052,0.07208678,"C",486
"271",0.02092,0.033220535,"C",487
"272",0.03124,0.031864416,"A",488
"273",0.05146,0.0504022474300556,"C",490
"274",0.02228,0.021116406,"A",491
"275",0.03859,0.037610935,"A",492
"276",0.04829,0.038967954,"C",496
"277",0.03729,0.0364661526378263,"A",497
"278",0.09638,0.111320986886148,"C",499
"279",0.03402,0.0429600966437918,"A",500
"280",0.06888,0.089206709,"C",501
"281",0.02338,0.0270316969836121,"A",502
"282",0.03351,0.045919383,"A",503
"283",0.0635,0.09375569,"C",504
"284",0.02144,0.022797407853789,"A",505
"285",0.02973,0.0244458715180721,"A",506
"286",0.03824,0.0264021832529478,"A",509
"287",0.05405,0.058318217,"C",511
"288",0.03849,0.0276579051454523,"A",512
"289",0.02926,0.027118911,"A",513
"290",0.0368,0.0313941935662588,"A",515
"291",0.02514,0.0280656739731344,"A",517
"292",0.01871,0.019894764292875,"A",518
"293",0.03944,0.035095165641423,"A",519
"294",0.04919,0.044682064,"A",520
"295",0.03781,0.054231692,"C",521
"296",0.02518,0.042105327,"C",522
"297",0.02258,0.0437489270602347,"C",523
"298",0.02181,0.042096867,"C",524
"299",0.02006,0.028622673,"C",525
"300",0.05222,0.060817937,"C",528
"301",0.03743,0.0463911544586626,"C",529
"302",0.03837,0.037272355,"A",530
"303",0.0315,0.044673321,"A",532
"304",0.03323,0.040596815,"A",533
"305",0.06473,0.076424723,"C",534
"306",0.0665,0.074740408,"C",535
"307",0.03886,0.042516871,"C",536
"308",0.02011,0.0273730776124754,"A",537
"309",0.03252,0.044911389,"A",538
"310",0.04365,0.053106007,"A",540
"311",0.05703,0.0602078592443985,"C",541
"312",0.03926,0.044370616,"C",542
"313",0.01621,0.026645106,"A",543
"314",0.0315,0.0441988941550429,"A",544
"315",0.04043,0.057244507,"A",545
"316",0.10506,0.105861759378781,"C",546
"317",0.04762,0.060415447,"C",548
"318",0.02729,0.041636842,"C",549
"319",0.0332,0.0422969399625211,"C",550
"320",0.03208,0.0375756995386673,"C",551
"321",0.04966,0.052800246,"C",553
"322",0.04787,0.048802674,"C",556
"323",0.04555,0.0490331254314645,"C",559
"324",0.03736,0.042821989,"A",562
"325",0.05644,0.058147218,"C",564
"326",0.04796,0.053192164,"C",565
"327",0.05484,0.05868184,"C",568
"328",0.03194,0.033310852,"C",569
"329",0.02947,0.0338860593196066,"A",571
"330",0.03758,0.0425265087353322,"A",572
"331",0.0573,0.058705211303306,"C",574
"332",0.0403,0.04292213,"A",575
"333",0.02336,0.0243422117455988,"C",576
"334",0.01664,0.0205882772598096,"A",577
"335",0.02072,0.022603776,"C",579
"336",0.01939,0.0212405874793839,"A",580
"337",0.04559,0.049794168,"C",583
"338",0.03082,0.0344967386338502,"C",584
"339",0.03194,0.035710155,"A",586
"340",0.0534,0.0565931615101349,"C",587
"341",0.05499,0.043021162,"C",590
"342",0.08213,0.082786556,"C",592
"343",0.03799,0.036867684,"C",593
"344",0.04244,0.044937468,"A",595
"345",0.05414,0.059250098,"C",597
"346",0.05449,0.058807788,"C",599
"347",0.08144,0.086908245,"C",601
"348",0.04851,0.050926579,"C",602
"349",0.02621,0.0274672523179893,"C",603
"350",0.02922,0.030510833604709,"A",604
"351",0.03766,0.0398325434249032,"C",607
"352",0.03154,0.0333870346945833,"C",608
"353",0.04232,0.046889398,"A",610
"354",0.01756,0.019356897,"C",612
"355",0.00664,0.00738812,"C",615
"356",0.07029,0.078068427,"C",619
"357",0.03735,0.0399925545859588,"A",620
"358",0.04245,0.044453494,"C",622
"359",0.05168,0.054717503,"A",623
"360",0.05881,0.062715245,"C",624
"361",0.03878,0.044453746,"A",626
"362",0.04046,0.042991142,"A",628
"363",0.05571,0.0588492057853678,"C",629
"364",0.03699,0.044427798,"A",631
"365",0.05291,0.0567717937782462,"C",632
"366",0.03936,0.046870859,"A",634
"367",0.03616,0.043491438,"A",635
"368",0.0404,0.044014566,"C",636
"369",0.03793,0.043135609,"A",637
"370",0.02511,0.03264921,"A",639
"371",0.03818,0.038595825,"C",640
"372",0.03179,0.035897592,"C",641
"373",0.06267,0.059013992,"C",643
"374",0.03116,0.0436102381848858,"A",644
"375",0.037,0.052943821,"A",645
"376",0.06019,0.078121759,"C",646
"377",0.03093,0.048083036,"C",647
"378",0.04883,0.067046659,"C",649
"379",0.03296,0.044305566,"A",650
"380",0.03308,0.0469665385595781,"A",651
"381",0.05127,0.065477831,"C",652
"382",0.03265,0.046444409,"A",653
"383",0.04974,0.065739347,"C",654
"384",0.03907,0.041495375,"C",655
"385",0.04318,0.042849281,"A",656
"386",0.00803,0.0117954767732032,"C",657
"387",0.00553,0.00872226,"C",658
"388",0.00534,0.006578035,"C",661
"389",0.00622,0.007648215,"C",664
"390",0.03539,0.038472138,"A",666
"391",0.01592,0.0238819735744405,"C",667
"392",0.02811,0.034579182,"C",668
"393",0.02785,0.036558159,"C",669
"394",0.03624,0.046186933,"C",670
"395",0.02807,0.034462271,"C",672
"396",0.0042,0.006475402,"C",673
"397",0.00539,0.0190302743069467,"A",676
"398",0.008,0.0293596282080696,"A",679
"399",0.05769,0.059550079,"A",682
"400",0.04404,0.048432424,"A",684
"401",0.05836,0.092849475,"C",685
"402",0.03706,0.063616598,"C",686
"403",0.03553,0.054376424,"C",687
"404",0.02888,0.038419468,"C",688
"405",0.03006,0.034332684,"A",689
"406",0.04042,0.0378105088287524,"C",692
"407",0.03378,0.0362930036556111,"A",694
"408",0.0332,0.041657223,"A",696
"409",0.05939,0.07816554,"C",697
"410",0.038,0.0523541880553402,"C",698
"411",0.03304,0.033916085,"A",699
"412",0.03373,0.039452422,"A",700
"413",0.06084,0.056301122,"C",701
"414",0.03412,0.039781459,"A",702
"415",0.06147,0.081849913,"C",703
"416",0.02031,0.028634573,"C",704
"417",0.04289,0.049324485,"A",706
"418",0.04052,0.045757011,"C",709
"419",0.04158,0.0242890689926511,"A",712
"420",0.02661,0.0262808058325603,"C",718
"421",0.03663,0.0376578830115116,"C",722
"422",0.04334,0.049401727,"A",723
"423",0.06671,0.076623613,"C",724
"424",0.02433,0.0240884235566061,"C",725
"425",0.01434,0.0145952911996839,"C",726
"426",0.01414,0.014839398445891,"A",729
"427",0.01796,0.0218010600571523,"A",730
"428",0.02461,0.0240590543850966,"A",735
"429",0.03706,0.038266394,"A",737
"430",0.05356,0.0564272282431051,"C",740
"431",0.03048,0.0111007289101177,"A",743
"432",0.05574,0.070385975,"C",745
"433",0.02515,0.0349338130847529,"C",746
"434",0.03228,0.040724186,"A",748
"435",0.04576,0.055871488,"C",749
"436",0.04013,0.044763185,"C",750
"437",0.03173,0.026767975,"A",751
"438",0.03113,0.0370043326465735,"C",754
"439",0.01917,0.0204385689369536,"C",757
"440",0.02166,0.0310007126746857,"A",760
"441",0.02908,0.0370377769305299,"A",761
"442",0.03009,0.0365865828494344,"A",763
"443",0.03165,0.032269989,"A",764
"444",0.0434,0.042612659,"C",766
"445",0.05182,0.05799766,"C",768
"446",0.0492,0.059601932236562,"C",769
"447",0.04499,0.04834989,"C",770
"448",0.03194,0.0296824172308235,"A",771
"449",0.0294,0.038046101,"A",773
"450",0.03437,0.0413248281504208,"A",778
"451",0.02955,0.038237631,"A",779
"452",0.04954,0.065625867,"C",780
"453",0.03922,0.0276711458199661,"A",783
"454",0.05004,0.0603075600699004,"C",784
"455",0.04005,0.0456861872296545,"A",786
"456",0.04133,0.044518261679832,"C",787
"457",0.02441,0.034648198,"C",789
"458",0.02177,0.035802127,"C",790
"459",0.00092,NA,"A",793
"460",0.00074,NA,"A",794
"461",0.00214,NA,"A",795
"462",0.01575,NA,"A",796
"463",0.01548,NA,"A",797
"464",0.02398,NA,"A",798
"465",0.01642,NA,"A",799
"466",0.01652,0.0225490682168767,"A",801
"467",0.03878,0.041516755,"A",802
"468",0.0247,0.0273148429784006,"C",803
"469",0.01404,0.0158816478616075,"C",804
"470",0.02032,0.016478385419953,"A",805
"471",0.01889,0.006976574,"A",811
"472",0.01029,0.0124675343144699,"A",813
"473",0.02018,0.0216852073304532,"C",814
"474",0.01285,0.0142470215719771,"A",815
"475",0.0096,0.0107607440586054,"A",817
"476",0.03717,0.046810799,"A",821
"477",0.01725,0.0227553475483465,"C",826
"478",0.05232,0.062251563,"A",829
"479",0.00992,0.0137924073688564,"C",831
"480",0.0105,0.0132471008484399,"A",833
"481",0.03675,0.036057155,"A",836
"482",0.01801,0.0172232737390579,"A",838
"483",0.01967,0.018787788,"C",840
"484",0.0166,0.018805939,"A",841
"485",0.01819,0.0189945316168677,"A",842
"486",0.03517,0.044556455,"C",847
"487",0.01928,0.0194171339700882,"C",850
"488",0.01548,0.0166258166168932,"C",851
"489",0.05251,0.0584808484082285,"A",853
"490",0.0283,0.027812818,"A",860
"491",0.03005,0.0224011861488147,"C",862
"492",0.03777,0.0447014137333739,"A",868
"493",0.03603,0.0330767210808311,"C",870
"494",0.03914,0.0347284815573248,"A",871
"495",0.03383,0.033908715,"C",872
"496",0.03087,0.034821263,"A",873
"497",0.03986,0.041136548,"C",874
"498",0.03592,0.03416958,"C",875
"499",0.02737,0.0262212416036274,"A",876
"500",0.02552,0.025758284270322,"A",878
"501",0.01815,0.0164701773451743,"A",880
"502",0.03089,0.027568563,"A",884
"503",0.05027,0.056563083,"C",885
"504",0.04026,0.046116569,"A",886
"505",0.0321,0.0389618437995308,"A",889
"506",0.0236,0.031522263,"A",892
"507",0.03141,0.0357846848158995,"A",893
"508",0.03224,0.038435342,"A",895
"509",0.02883,0.0358031979299824,"A",897
"510",0.05023,0.060732298,"C",898
"511",0.03904,0.044116769,"A",901
"512",0.04585,0.0501719310463747,"A",903
"513",0.02789,0.0286371278840934,"C",904
"514",0.02263,0.0239414999786792,"A",905
"515",0.02799,0.027086301,"C",906
"516",0.01994,0.0233965777952067,"A",907
"517",0.03243,0.033728024,"C",908
"518",0.02359,0.0272538259201721,"A",910
"519",0.05274,0.064220412,"C",912
"520",0.03497,0.045256607,"A",913
"521",0.03372,0.037615379,"A",915
"522",0.04546,0.051414446,"C",919
"523",0.03331,0.05076098,"A",920
"524",0.06503,0.0942615,"C",921
"525",0.03985,0.055783227,"C",922
"526",0.04351,0.05867017,"C",924
"527",0.05693,0.077581224,"C",925
"528",0.04037,0.0467718410509901,"C",927
"529",0.03559,0.056946045,"A",929
"530",0.05522,0.064914769,"C",930
"531",0.04169,0.0485343381893131,"C",931
"532",0.03472,0.032758695,"A",932
"533",0.03327,0.044703965,"A",934
"534",0.03999,0.047733541,"A",935
"535",0.0402,0.044772968,"C",937
"536",0.0346,0.045708859,"A",938
"537",0.04571,0.0564545735691697,"C",940
"538",0.02524,0.031634303,"C",942
"539",0.03547,0.051670612,"A",944
"540",0.02704,0.039206104,"C",946
"541",0.01814,0.029723103,"C",947
"542",0.03196,0.044774064,"C",948
"543",0.03289,0.044294382,"C",949
"544",0.03113,0.055499212,"A",950
"545",0.05344,0.06837149,"C",951
"546",0.03,0.037343571,"C",952
"547",0.01219,0.0201186866003482,"C",955
"548",0.02808,0.0286766084090317,"C",958
"549",0.03345,0.037466956,"A",959
"550",0.035,0.0388779407404824,"A",960
"551",0.02658,0.030025646,"A",961
"552",0.03142,0.0419945340977325,"A",964
"553",0.04674,0.045059455,"A",968
"554",0.02154,0.0262984739265334,"C",970
"555",0.04628,0.052349213,"A",973
"556",0.03806,0.0468648807771563,"C",974
"557",0.02397,0.024897769,"C",976
"558",0.00827,0.0109871819747278,"C",978
"559",0.00854,0.0120843225480664,"C",979
"560",0.0468,0.0294280845426891,"A",980
"561",0.0575,0.0615578526771479,"C",981
"562",0.03705,0.0396412929306557,"A",982
"563",0.04777,0.051166,"C",983
"564",0.038,0.042849021,"C",985
"565",0.03426,0.039546616,"C",986
"566",0.03346,0.037696052,"A",987
"567",0.06712,0.078040747,"C",988
"568",0.0131,0.0212090931000265,"A",991
"569",0.01891,0.026066761,"A",992
"570",0.02474,0.0338984521765397,"C",994
"571",0.03213,0.038804454,"A",995
"572",0.02777,0.035197347,"A",996
"573",0.03456,0.041810659260849,"A",998
"574",0.01877,0.024818771,"A",1001
"575",0.0396,0.0485714917489259,"A",1002
"576",0.03047,0.032878426,"A",1003
"577",0.03181,0.0365687882561296,"A",1006
"578",0.04427,0.0482638222896845,"C",1008
"579",0.01202,0.0110275331183138,"C",1011
"580",0.01763,0.0142507454513413,"C",1014
"581",0.01516,0.012702814,"A",1015
"582",0.00914,0.008565293,"C",1019
"583",0.03011,0.033821814,"C",1021
"584",0.03557,0.037448293,"A",1024
"585",0.01566,0.020007572,"C",1026
"586",0.01381,0.0183534590510329,"C",1027
"587",0.0176,0.020688706,"C",1028
"588",0.02202,0.022768128100657,"A",1030
"589",0.03223,0.033227937,"A",1033
"590",0.02946,0.0323966781021465,"C",1036
"591",0.02361,0.0298158354128603,"A",1037
"592",0.03383,0.045990128,"C",1039
"593",0.04332,0.053505477,"C",1043
"594",0.05452,0.046422447,"C",1048
"595",0.03489,0.039061665,"A",1049
"596",0.04407,0.0502047749025847,"C",1050
"597",0.01643,0.0172326651888345,"C",1051
"598",0.02279,0.025308217431338,"A",1054
"599",0.00577,0.008321357,"C",1060
"600",0.00496,0.006638365,"C",1061
"601",0.04831,0.054763568,"A",1064
"602",0.04843,0.0437950573458551,"C",1065
"603",0.00479,0.00672616,"C",1069
"604",0.01241,0.011663638,"A",1070
"605",0.02947,0.033712762,"A",1075
"606",0.02587,0.023147621,"A",1078
"607",0.01815,0.0191853760741141,"C",1080
"608",0.01926,0.021966652,"A",1081
"609",0.02939,0.037345624,"A",1082
"610",0.03464,0.03830592,"A",1083
"611",0.056,0.0593604445260985,"C",1084
"612",0.03377,0.037281599,"C",1086
"613",0.02873,0.032692902,"A",1087
"614",0.04452,0.052298626,"C",1089
"615",0.03933,0.053227007,"A",1090
"616",0.05874,0.063762037,"C",1091
"617",0.04673,0.053598421,"A",1093
"618",0.02756,0.032845281,"A",1095
"619",0.02244,0.026217102,"C",1096
"620",0.02132,0.0256004267856209,"A",1097
"621",0.01633,0.0192751461893974,"C",1099
"622",0.02754,0.0310351750494814,"A",1102
"623",0.03036,0.033933891,"C",1103
"624",0.01522,0.01711918,"A",1105
"625",0.01438,0.016171469,"C",1106
"626",0.03342,0.041300347,"A",1107
"627",0.0515,0.059274163,"C",1108
"628",0.04369,0.049968346,"A",1110
"629",0.06037,0.069641336,"C",1111
"630",0.03068,0.037493275,"A",1112
"631",0.05581,0.06282715,"C",1113
"632",0.02002,0.0239838497006626,"A",1116
"633",0.03557,0.039699446,"C",1117
"634",0.01323,0.0161158058913044,"A",1119
"635",0.01495,0.0158518849114407,"C",1120
"636",0.031,0.038734761,"A",1126
"637",0.04635,0.054691046,"C",1128
"638",NA,NA,"C",1129
"639",0.03981,0.044734125,"C",1130
"640",0.03157,0.037096596,"A",1131
"641",0.04247,0.0472224364698068,"C",1132
"642",0.0517,0.055033748,"C",1135
"643",0.03602,0.038826271,"C",1136
"644",0.04807,0.041218337,"A",1137
"645",0.04553,0.04961961,"C",1138
"646",0.0375,0.0453968026343025,"A",1140
"647",0.04409,0.05541606,"C",1144
"648",0.03064,0.038000961,"C",1145
"649",0.03571,0.041821916,"A",1147
"650",0.04007,0.0389677357896714,"C",1149
"651",0.0344,0.03821344,"A",1150
"652",0.05706,0.065088528,"A",1151
"653",0.01133,0.0124338844092005,"A",1153
"654",0.02429,0.0224918027109736,"A",1156
"655",0.03771,0.0445238037090184,"C",1158
"656",0.01558,0.018260586,"A",1162
"657",0.00823,0.010524743,"C",1167
"658",0.0031,0.005359507,"C",1168
"659",0.03816,0.035590544,"A",1169
"660",0.04555,0.046259229,"C",1171
"661",0.01357,0.0137616324214909,"A",1172
"662",0.01129,0.0122367148509817,"A",1174
"663",0.03737,0.0335431,"A",1177
"664",0.09206,0.098680502,"C",1180
"665",0.01461,0.0152290708863466,"C",1183
"666",0.02053,0.023635611,"A",1184
"667",0.08285,0.085906204,"C",1187
"668",0.03931,0.043926862,"A",1188
"669",0.06544,0.069933825,"C",1189
"670",0.01797,0.0208685598906377,"A",1192
"671",0.01032,0.011920013,"C",1196
"672",0.01292,0.0167725119634806,"C",1197
"673",0.01158,0.0141428174437003,"C",1198
"674",0.00478,0.005956277,"C",1199
"675",0.0103,0.01404578,"A",1201
"676",0.05024,0.0468454716139624,"C",1204
"677",0.05226,0.054435537,"C",1206
"678",0.04621,0.0497728509426546,"A",1207
"679",0.0088,0.010982446966511,"C",1210
"680",0.01916,0.0191456592997227,"A",1212
"681",0.01706,0.0170011812229966,"C",1213
"682",0.01539,0.018235005389353,"A",1214
"683",0.0245,0.0220404350220637,"C",1215
"684",0.01468,0.0142641359253913,"C",1216
"685",0.01134,0.010951517,"C",1217
"686",0.02344,0.0232859540408497,"A",1219
"687",0.0467,0.048193109,"A",1221
"688",0.05889,0.060770449,"C",1222
"689",0.0167,0.0189816353330847,"C",1223
"690",0.01995,0.0243540751419957,"A",1224
"691",0.03215,0.035779375,"A",1225
"692",0.03323,0.0342008700058869,"A",1226
"693",0.06534,0.070119336,"C",1227
"694",0.04209,0.045978391867779,"C",1228
"695",0.00746,0.012360712,"A",1230
"696",0.00759,0.010380374,"C",1231
"697",0.00592,0.007388971,"C",1233
"698",0.00593,0.006658672,"C",1234
"699",0.01936,0.024342098,"A",1235
"700",0.0162,0.0210689752135535,"A",1236
"701",0.0303,0.0345601445423148,"A",1237
"702",0.03128,0.0334314619900852,"A",1238
"703",0.05223,0.0560854425391929,"C",1240
"704",0.0303,0.031939726,"C",1241
"705",0.03782,0.034500811,"A",1242
"706",0.0659,0.061851654,"C",1246
"707",0.03348,0.0405853692579834,"A",1247
"708",0.04746,0.052969533,"C",1248
"709",0.03508,0.045174255,"A",1250
"710",0.05988,0.06144084,"C",1252
"711",0.03919,0.040714547,"A",1253
"712",0.03862,0.0419884120828065,"A",1255
"713",0.05018,0.049130838,"C",1258
"714",0.04121,0.045969357,"A",1259
"715",0.04818,0.05122131,"C",1261
"716",0.00659,0.0143019656992926,"C",1264
"717",0.00544,0.008506564,"A",1267
"718",0.02772,0.033994713,"A",1268
"719",0.03889,0.0425428566645361,"A",1269
"720",0.04891,0.053221227,"C",1271
"721",0.04465,0.050337884,"A",1273
"722",0.10256,0.117778263716588,"A",1274
"723",0.02291,0.0224429558958844,"C",1275
"724",0.04974,0.0596238224020076,"C",1279
"725",0.04959,0.058265681,"C",1282
"726",0.04375,0.049275778,"C",1283
"727",0.03943,0.042016645120077,"C",1284
"728",0.03121,0.04399048,"A",1285
"729",0.05918,0.0606013206695643,"C",1286
"730",0.03074,0.0585120542835528,"A",1287
"731",0.03612,0.058198601,"A",1288
"732",0.06473,0.070675176,"C",1289
"733",0.04353,0.064414722,"A",1290
"734",0.07423,0.081463384,"C",1291
"735",0.03047,0.036240034,"C",1295
"736",0.03458,0.03670881,"C",1297
"737",0.04336,0.05079079,"C",1300
"738",0.0163,0.0216448775172654,"C",1301
"739",0.04919,0.066203449,"A",1303
"740",0.02415,0.026476902,"C",1305
"741",0.01839,0.0202117188102176,"C",1306
"742",0.02323,0.0362070703821525,"A",1309
"743",0.0286,0.036268917,"A",1310
"744",0.03871,0.04425952,"C",1313
"745",0.01668,0.0236902826736802,"C",1314
"746",0.02443,0.030064587,"C",1315
"747",0.02623,0.030480093022535,"C",1316
"748",0.02838,0.034292344,"A",1318
"749",0.05934,0.060897329,"C",1319
"750",0.03777,0.035586745,"A",1323
"751",0.05089,0.053151849,"C",1324
"752",0.01308,0.0145731077113101,"C",1326
"753",0.06017,0.056352839,"A",1329
"754",0.03662,0.0428348202002311,"C",1330
"755",0.04698,0.0586151574260856,"A",1332
"756",0.06849,0.074021507,"C",1333
"757",0.03838,0.0453646,"C",1334
"758",0.01148,0.0140388119612887,"C",1335
"759",0.01194,0.0142827576357014,"C",1336
"760",0.02366,0.0253869809163692,"A",1338
"761",0.05444,0.0574235401185285,"C",1341
"762",0.03857,0.050513129,"A",1342
"763",0.03939,0.0498871506656542,"A",1344
"764",0.06661,0.072198367,"C",1345
"765",0.03712,0.049621074,"A",1346
"766",0.0645,0.071579443,"C",1347
"767",0.04068,0.046853471,"C",1348
"768",0.03111,0.039054986,"A",1349
"769",0.05635,0.063154709,"C",1350
"770",0.03588,0.039471535,"A",1351
"771",0.03782,0.041165251,"A",1354
"772",0.03553,0.041465886037579,"A",1355
"773",0.04069,0.048289489,"A",1356
"774",0.05431,0.057294133,"C",1357
"775",0.03717,0.044033955,"A",1358
"776",0.03237,0.035819999,"C",1360
"777",0.02104,0.0250110216874411,"C",1361
"778",0.02541,0.032273613660919,"A",1363
"779",0.04197,0.044868763,"C",1365
"780",0.0343,0.039342747,"A",1366
"781",0.04388,0.049288791,"C",1368
"782",0.02124,0.025503543,"A",1372
"783",0.05669,0.072017468,"C",1375
"784",0.04445,0.049730173,"C",1377
"785",0.0352,0.0412491116373609,"A",1378
"786",0.03517,0.035252028,"C",1381
"787",0.02987,0.0322375498192699,"A",1382
"788",0.03581,0.045317607,"C",1386
"789",0.04501,0.055725371,"C",1388
"790",0.0405,0.048096492,"A",1390
"791",0.03326,0.044819119,"A",1391
"792",0.05861,0.080642546,"C",1392
"793",0.04321,0.053280222,"A",1393
"794",0.04753,0.068258547,"C",1395
"795",0.03801,0.044729,"A",1396
"796",0.02501,0.028913035532507,"A",1399
"797",0.02449,0.026638004,"A",1400
"798",0.02756,0.031839263,"A",1402
"799",0.02041,0.026105891059223,"A",1405
"800",0.03065,0.030815232,"A",1406
"801",0.0258,0.0291588712077959,"A",1408
"802",0.03992,0.0259793610138171,"A",1409
"803",0.04823,0.044136719,"C",1414
"804",0.0373,0.043563182,"A",1415
"805",0.03728,0.042094888,"A",1418
"806",0.04225,0.04824392,"A",1423
"807",0.02808,0.040941916,"A",1425
"808",0.02752,0.037158295,"A",1426
"809",0.0297,0.0353797052877196,"C",1428
"810",0.02863,0.033479522,"C",1429
"811",0.01876,0.0158530654923798,"C",1432
"812",0.00695,0.007270802,"C",1434
"813",0.0295,0.027815228,"C",1437
"814",0.027,0.023271412,"A",1439
"815",0.02675,0.0244046626434165,"A",1440
"816",0.0258,0.0298633667035298,"C",1442
"817",0.01971,0.022446198,"A",1444
"818",0.02003,0.0217050376527951,"A",1445
"819",0.02839,0.031119535767534,"A",1446
"820",0.04196,0.048654917172359,"A",1447
"821",0.01032,0.008604102,"C",1450
"822",0.00836,0.007989829,"C",1451
"823",0.05051,0.055309433,"A",1453
"824",0.01611,0.014788775565872,"A",1454
"825",0.01547,0.01207052,"A",1456
"826",0.04588,0.0494394470920587,"A",1459
"827",0.04068,0.0431873047130211,"A",1461
"828",0.04462,0.049662059,"A",1462
"829",0.041,0.044639442,"A",1464
"830",0.05158,0.0512183160140926,"A",1465
"831",0.05627,0.0639508,"C",1466
"832",0.01825,0.0231626527171107,"C",1467
"833",0.00177,0.003204224,"C",1468
"834",0.00257,0.003216278,"C",1470
"835",0.00206,0.004272267,"C",1471
"836",0.01595,0.0120511327806696,"A",1472
"837",0.02361,0.0274948698827993,"A",1474
"838",0.02126,0.0273073614153702,"A",1475
"839",0.03983,0.042017987,"A",1476
"840",0.07345,0.077073729,"C",1477
"841",0.05171,0.054132232,"C",1478
"842",0.0082,0.008597853,"A",1482
"843",0.02446,0.0215772357308933,"A",1486
"844",0.01349,0.0101468061033475,"C",1487
"845",0.01275,0.009660782,"A",1489
"846",0.04205,0.046992217,"A",1491
"847",0.01889,0.0174317063928294,"A",1495
"848",0.03773,0.063290657,"C",1498
"849",0.02015,0.039163368596596,"C",1499
"850",0.033,0.053378279,"C",1500
"851",0.03842,0.064886933,"C",1501
"852",0.04294,0.0619925244633829,"C",1502
"853",0.03989,0.056138894,"C",1503
"854",0.03928,0.049948549,"A",1504
"855",0.06167,0.085077318,"C",1505
"856",0.03945,0.06151718352777,"C",1506
"857",0.02826,0.03450758,"C",1507
"858",0.03659,0.055540767,"A",1509
"859",0.06394,0.089242999,"C",1510
"860",0.03806,0.054578892,"C",1511
"861",0.03965,0.0521314526327146,"A",1512
"862",0.05235,0.056653609,"C",1513
"863",0.02425,0.041720715,"A",1514
"864",0.05215,0.0566306321954093,"C",1515
"865",0.04392,0.076060315,"A",1516
"866",0.0376,0.039690234,"C",1519
"867",0.02995,0.028145084,"A",1521
"868",0.03538,0.043347456,"A",1522
"869",0.03618,0.0456798584535374,"A",1524
"870",0.03646,0.043537549,"A",1525
"871",0.07454,0.093511761,"C",1526
"872",0.03235,0.0378374263581222,"C",1527
"873",0.04302,0.054100352,"C",1528
"874",0.04147,0.049389484,"A",1531
"875",0.02512,0.034227087,"A",1533
"876",0.06651,0.090876352,"C",1534
"877",0.03206,0.036523685,"A",1535
"878",0.03004,0.031032313,"A",1537
"879",0.01392,0.017482322,"A",1538
"880",0.02607,0.027722076048896,"A",1539
"881",0.02699,0.026250962,"A",1540
"882",0.03339,0.053986338,"C",1542
"883",0.02391,0.105530095345923,"A",1544
"884",0.02203,NA,"A",1546
"885",0.03073,0.100313617532125,"C",1547
"886",0.00102,NA,"A",1548
"887",0.00123,NA,"A",1549
"888",0.00806,NA,"A",1550
"889",0.01137,NA,"A",1551
"890",0.01385,NA,"A",1552
"891",0.01199,NA,"A",1553
"892",0.02207,0.021788694,"A",1556
"893",0.0308,0.0281681334182593,"A",1557
"894",0.01849,0.020594512493126,"A",1560
"895",0.02703,0.0281455041338942,"A",1561
"896",0.04046,0.052822508,"C",1563
"897",0.02424,0.0472140208106395,"A",1565
"898",0.02308,0.058112123245861,"A",1566
"899",0.02998,0.056392363,"C",1567
"900",0.02669,0.0444995075859797,"C",1568
"901",0.03182,0.050728854,"C",1569
"902",0.03746,0.052980434,"C",1570
"903",0.03965,0.03995918,"C",1571
"904",0.03096,0.0332806345293282,"C",1572
"905",0.01787,0.0242884376242749,"A",1573
"906",0.02731,0.0289373883325463,"A",1574
"907",0.04138,0.041021167,"A",1575
"908",0.04698,0.044825027,"C",1577
"909",0.03043,0.03184440271398,"C",1584
"910",0.02474,0.034858481,"A",1585
"911",0.04009,0.0553491443605437,"A",1586
"912",0.00766,0.0112965955407394,"C",1588
"913",0.00738,0.0122591046956491,"C",1589
"914",0.01209,0.025639334,"A",1590
"915",0.02699,0.0379105135552127,"A",1591
"916",0.06462,0.073459846,"C",1592
"917",0.05326,0.069116707,"C",1593
"918",0.05556,0.065232751,"C",1594
"919",0.05503,0.065536938,"C",1595
"920",0.0458,0.042538469,"A",1596
"921",0.01836,0.025389968,"C",1600
"922",0.01722,0.0344942331011534,"C",1601
"923",0.0312,0.023676616,"C",1603
"924",0.03676,0.0320005402421694,"C",1604
"925",0.02023,0.0207626450812872,"A",1605
"926",0.01045,0.037710242,"A",1608
"927",0.00837,0.0201272230891888,"C",1609
"928",0.00921,0.045343213,"C",1615
"929",0.00064,NA,"A",1616
"930",0,NA,"A",1617
"931",0,NA,"A",1618
