"","X","Position","React"
"1",833,833,0.482277121374866
"2",834,834,0.117794486215539
"3",835,835,0.0789473684210526
"4",836,836,0.345506623702112
"5",837,837,0
"6",838,838,0.0329394915861081
"7",839,839,0.0753669889008235
"8",840,840,0.145363408521303
"9",841,841,0
"10",842,842,0
"11",843,843,0.104547081990691
"12",844,844,0.40422484783387
"13",845,845,0.681346222699606
"14",846,846,0.17561761546724
"15",847,847,0.0218403150733978
"16",848,848,0
"17",849,849,0.0196920873612603
"18",850,850,0.0141424991049051
"19",851,851,0
"20",852,852,0.0404582885785893
"21",853,853,0.161117078410311
"22",854,854,0.341389187253849
"23",855,855,0
"24",856,856,0
"25",857,857,0.0934479054779807
"26",858,858,0
"27",859,859,0.0844969566774078
"28",860,860,0.306122448979592
"29",861,861,0
"30",862,862,0
"31",863,863,0.198711063372718
"32",864,864,0.416577157178661
"33",865,865,0.582169709989259
"34",866,866,0.259756534192624
"35",867,867,0
"36",868,868,0
"37",869,869,1
"38",870,870,1
"39",871,871,0.412101682778375
"40",872,872,0
"41",873,873,0
"42",874,874,0
"43",875,875,0.645900465449338
"44",876,876,0.617436448263516
"45",877,877,0.58843537414966
"46",878,878,0
"47",879,879,0.141783029001074
"48",880,880,0.13139992839241
"49",881,881,0.308270676691729
"50",882,882,0.872717508055854
"51",883,883,1
"52",884,884,0.397959183673469
"53",885,885,0.0279269602577873
"54",886,886,0.0472610096670247
"55",887,887,0
"56",888,888,0.652166129609739
"57",889,889,1
"58",890,890,0
"59",891,891,0.483530254206946
"60",892,892,0.0667740780522735
"61",893,893,0
"62",894,894,0
"63",895,895,0
"64",896,896,0.0343716433941998
"65",897,897,0
"66",898,898,0.268170426065163
"67",899,899,0
"68",900,900,1
"69",901,901,0
"70",902,902,0.204439670605084
"71",903,903,0
"72",904,904,0
"73",905,905,0.0821697099892589
"74",906,906,0
"75",907,907,0.393841747225206
"76",908,908,0.850519155030433
"77",909,909,0.429287504475474
"78",910,910,0.807554600787683
"79",911,911,0
"80",912,912,0
"81",913,913,0.140887934121017
"82",914,914,0
"83",915,915,0
"84",916,916,0.180272108843537
"85",917,917,0.132295023272467
"86",918,918,0.377551020408163
"87",919,919,0.227354099534551
"88",920,920,0
"89",921,921,0
"90",922,922,0
"91",923,923,0
"92",924,924,0.0401002506265664
"93",925,925,0.0223773720014322
"94",926,926,0
"95",927,927,0
"96",928,928,0
"97",929,929,0
"98",930,930,0.0148585750089509
"99",931,931,0.0268528464017186
"100",932,932,0
"101",933,933,0
"102",934,934,0
"103",935,935,0.052094522019334
"104",936,936,0.0735767991407089
"105",937,937,0.0123523093447905
"106",938,938,0
"107",939,939,0
"108",940,940,0
"109",941,941,0.0155746509129968
"110",942,942,0.016827783745077
"111",943,943,0.00608664518438955
"112",944,944,0
"113",945,945,0
"114",946,946,0
"115",947,947,0
"116",948,948,0.148943788041532
"117",949,949,0.374865735767991
"118",950,950,0
"119",951,951,0.00304332259219477
"120",952,952,0
"121",953,953,0
