"","Position","Mismatches","Mismatches...Deletions","Base"
"1",1,0,0,"A"
"2",4,0.01138,0.01138,"A"
"3",5,0.01028,0.01028,"A"
"4",7,0.0085,0.01413,"C"
"5",8,0.00465,0.00478,"C"
"6",9,0.0554,0.0554,"C"
"7",10,0.02182,0.02182,"C"
"8",14,0.00874,0.00874,"C"
"9",15,0.00699,0.00699,"C"
"10",16,0.01562,0.01566,"C"
"11",17,0.01225,0.0127,"A"
"12",18,0.02103,0.0211,"A"
"13",19,0.02477,0.02482,"C"
"14",20,0.01862,0.01871,"C"
"15",21,0.02305,0.02319,"C"
"16",24,0.01602,0.01631,"C"
"17",25,0.02013,0.02085,"A"
"18",27,0.0195,0.01975,"C"
"19",29,0.02035,0.02163,"A"
"20",30,0.02695,0.02733,"C"
"21",32,0.01939,0.02047,"C"
"22",34,0.03359,0.03488,"A"
"23",35,0.05363,0.05378,"C"
"24",36,0.02858,0.0288,"C"
"25",37,0.0249,0.03157,"A"
"26",39,0.02687,0.02708,"C"
"27",44,0.01881,0.02023,"C"
"28",45,0.01112,0.01143,"A"
"29",48,0.00386,0.00413,"C"
"30",49,0.02635,0.02773,"A"
"31",50,0.02082,0.02136,"C"
"32",51,0.01399,0.01513,"A"
"33",52,0.01184,0.0123,"C"
"34",54,0.01508,0.01547,"C"
"35",55,0.02259,0.02477,"A"
"36",57,0.04173,0.04247,"C"
"37",58,0.03933,0.04273,"A"
"38",59,0.04524,0.04669,"C"
"39",60,0.02463,0.02781,"A"
"40",62,0.01695,0.01726,"C"
"41",64,0.0223,0.02306,"C"
"42",66,0.03521,0.03541,"A"
"43",67,0.04123,0.0415,"A"
"44",69,0.02687,0.02827,"C"
"45",71,0.03374,0.03404,"C"
"46",73,0.00712,0.00736,"C"
"47",74,0.02561,0.02592,"A"
"48",75,0.03339,0.0337,"C"
"49",78,0.005,0.00513,"A"
"50",85,0.04046,0.04813,"A"
"51",86,0.05839,0.05843,"C"
"52",87,0.03262,0.03273,"C"
"53",90,0.01135,0.01149,"A"
"54",93,0.01901,0.02038,"A"
"55",96,0.02168,0.02176,"C"
"56",97,0.00767,0.00777,"C"
"57",99,0.03081,0.0312,"A"
"58",101,0.01649,0.0166,"A"
"59",102,0.0239,0.02404,"A"
"60",103,0.01998,0.02012,"A"
"61",105,0.02769,0.02771,"A"
"62",106,0.02459,0.02461,"A"
"63",107,0.03283,0.03334,"A"
"64",108,0.03699,0.04083,"C"
"65",109,0.01864,0.01889,"A"
"66",112,0.00943,0.00975,"C"
"67",114,0.00707,0.00735,"A"
"68",116,0.00783,0.00806,"C"
"69",121,0.0098,0.0155,"A"
"70",124,0.01221,0.01261,"C"
"71",125,0.01734,0.01757,"C"
"72",126,0.01753,0.02444,"A"
"73",130,0.02079,0.02378,"C"
"74",132,0.0243,0.02537,"A"
"75",133,0.02669,0.02705,"A"
"76",134,0.03445,0.03453,"C"
"77",135,0.03757,0.03932,"C"
"78",136,0.00108,0.00131,"A"
"79",137,0.00053,0.00064,"A"
"80",138,0.00104,0.0012,"A"
"81",139,0.02345,0.02357,"A"
"82",140,0.01163,0.01166,"A"
"83",141,0.01608,0.01616,"A"
"84",142,0.01387,0.01404,"A"
"85",144,0.02023,0.02023,"A"
"86",145,0.0204,0.02041,"A"
"87",146,0.02918,0.02975,"A"
"88",147,0.03111,0.03174,"C"
"89",148,0.01778,0.01783,"C"
"90",149,0.02172,0.02178,"C"
"91",151,0.02911,0.02925,"C"
"92",155,0.02246,0.02251,"C"
"93",156,0.025,0.02511,"C"
"94",157,0.02758,0.03908,"A"
"95",158,0.03228,0.03262,"C"
"96",159,0.01565,0.01766,"A"
"97",161,0.01543,0.01546,"A"
"98",162,0.01139,0.01182,"A"
"99",164,0.00764,0.00875,"C"
"100",167,0.01087,0.01089,"C"
"101",168,0.00481,0.00484,"C"
"102",169,0.01562,0.01889,"A"
"103",171,0.02676,0.02689,"C"
"104",172,0.02092,0.02095,"A"
"105",173,0.02884,0.02919,"A"
"106",176,0.0206,0.02094,"A"
"107",180,0.01707,0.01713,"C"
"108",181,0.01727,0.01734,"C"
"109",183,0.02896,0.02966,"C"
"110",184,0.01924,0.02438,"A"
"111",185,0.04111,0.04151,"C"
"112",187,0.01859,0.0225,"C"
"113",188,0.01707,0.01717,"A"
"114",189,0.02224,0.0223,"A"
"115",191,0.0155,0.01751,"C"
"116",192,0.01524,0.01529,"A"
"117",193,0.02505,0.02523,"A"
"118",194,0.02031,0.02039,"C"
"119",195,0.0104,0.01054,"C"
"120",197,0.00679,0.00884,"C"
"121",198,0.00968,0.01251,"A"
"122",200,0.0115,0.01153,"C"
"123",201,0.014,0.01408,"C"
"124",202,0.01121,0.01692,"A"
"125",204,0.01776,0.01785,"A"
"126",205,0.01758,0.02002,"A"
"127",207,0.02204,0.02234,"C"
"128",208,0.01541,0.01548,"C"
"129",211,0.01547,0.01978,"C"
"130",213,0.01928,0.01978,"A"
"131",214,0.01491,0.01517,"A"
"132",216,0.01463,0.01493,"A"
"133",218,0.00935,0.00975,"C"
"134",220,0.00792,0.00825,"A"
"135",222,0.01062,0.01068,"C"
"136",223,0.00792,0.00803,"C"
"137",225,0.0152,0.01548,"C"
"138",228,0.01667,0.01736,"C"
"139",229,0.0236,0.02377,"A"
"140",230,0.02558,0.02566,"A"
"141",231,0.03496,0.0358,"C"
"142",232,0.0228,0.02284,"A"
"143",233,0.01819,0.01843,"A"
"144",235,0.02156,0.02194,"A"
"145",237,0.02418,0.02448,"A"
"146",238,0.02198,0.02268,"C"
"147",240,0.01213,0.01258,"C"
"148",242,0.01823,0.01824,"C"
"149",243,0.01723,0.0173,"C"
"150",246,0.01208,0.01709,"A"
"151",247,0.02563,0.02599,"C"
"152",248,0.01707,0.01715,"A"
"153",249,0.01988,0.02025,"A"
"154",252,0.01486,0.01493,"A"
"155",253,0.01606,0.01613,"A"
"156",254,0.02056,0.02065,"C"
"157",255,0.01089,0.01094,"C"
"158",256,0.00724,0.01651,"A"
"159",258,0.01526,0.01528,"A"
"160",259,0.025,0.02588,"A"
"161",260,0.02572,0.0259,"C"
"162",261,0.01104,0.0111,"C"
"163",262,0.00906,0.0091,"A"
"164",263,0.0104,0.01069,"A"
"165",265,0.01486,0.01501,"A"
"166",266,0.01645,0.01707,"C"
"167",268,0.0158,0.01604,"A"
"168",269,0.0163,0.01646,"C"
"169",270,0.01111,0.01119,"C"
"170",271,0.00692,0.00696,"A"
"171",272,0.00935,0.00948,"A"
"172",274,0.01217,0.01234,"C"
"173",275,0.01578,0.01591,"A"
"174",276,0.01108,0.01158,"A"
"175",278,0.0121,0.01258,"A"
"176",279,0.0202,0.02073,"C"
"177",281,0.01488,0.01541,"C"
"178",282,0.01611,0.01853,"A"
"179",284,0.03049,0.03075,"C"
"180",285,0.02269,0.02338,"A"
"181",288,0.02282,0.02319,"A"
"182",289,0.02729,0.02745,"A"
"183",291,0.0313,0.03133,"A"
"184",292,0.02897,0.03362,"A"
"185",294,0.03968,0.04074,"C"
"186",295,0.03028,0.03151,"A"
"187",297,0.03537,0.03539,"A"
"188",298,0.02557,0.0302,"A"
"189",300,0.03598,0.03755,"A"
"190",302,0.00452,0.00472,"C"
"191",304,0.01015,0.01231,"A"
"192",306,0.01606,0.01633,"A"
"193",308,0.02004,0.02054,"C"
"194",309,0.04745,0.04752,"A"
"195",310,0.03286,0.03329,"A"
"196",312,0.0312,0.03127,"A"
"197",313,0.01725,0.01726,"A"
"198",314,0.03122,0.03123,"A"
"199",315,0.0402,0.04119,"A"
"200",316,0.03761,0.05116,"C"
"201",318,0.0225,0.02296,"A"
"202",321,0.02,0.02004,"A"
"203",322,0.02205,0.02224,"A"
"204",324,0.0277,0.02853,"A"
"205",326,0.01183,0.01206,"C"
"206",327,0.01124,0.01127,"C"
"207",328,0.02992,0.02994,"C"
"208",329,0.02691,0.02693,"C"
"209",330,0.03389,0.0339,"C"
"210",334,0.038,0.03998,"C"
"211",335,0.03203,0.03265,"A"
"212",336,0.04205,0.04273,"C"
"213",339,0.02142,0.02516,"C"
"214",342,0.05996,0.06135,"A"
"215",345,0.04139,0.04146,"C"
"216",346,0.03264,0.03267,"C"
"217",347,0.01199,0.01202,"C"
"218",348,0.00563,0.00931,"A"
"219",350,0.0078,0.00806,"A"
"220",355,0.01965,0.04309,"A"
"221",356,0.05196,0.05205,"C"
"222",357,0.02912,0.02919,"C"
"223",358,0.03343,0.03353,"C"
"224",359,0.03019,0.03035,"A"
"225",360,0.03852,0.0387,"A"
"226",363,0.02425,0.0253,"C"
"227",364,0.0447,0.04811,"A"
"228",365,0.04466,0.04493,"C"
"229",366,0.03858,0.03863,"C"
"230",367,0.00982,0.00985,"C"
"231",368,0.01436,0.01442,"C"
"232",370,0.01765,0.0179,"C"
"233",373,0.04294,0.04327,"A"
"234",374,0.04112,0.04184,"C"
"235",375,0.03531,0.03609,"A"
"236",377,0.03542,0.0355,"C"
"237",378,0.03243,0.03254,"C"
"238",381,0.00845,0.00846,"C"
"239",382,0.00456,0.0046,"C"
"240",385,0.00642,0.00664,"C"
"241",388,0.01842,0.02333,"C"
"242",391,0.02251,0.02478,"C"
"243",393,0.03081,0.03152,"C"
"244",394,0.02407,0.02529,"A"
"245",395,0.05806,0.05876,"C"
"246",396,0.03194,0.03288,"A"
"247",399,0.03556,0.03589,"A"
"248",400,0.05734,0.05994,"C"
"249",401,0.01081,0.01086,"A"
"250",402,0.01876,0.01893,"A"
"251",403,0.01272,0.01281,"A"
"252",404,0.02016,0.0202,"A"
"253",405,0.02471,0.02477,"A"
"254",406,0.02115,0.02483,"C"
"255",408,0.0194,0.02057,"A"
"256",410,0.00936,0.0094,"C"
"257",411,0.00337,0.00341,"C"
"258",412,0.01172,0.01176,"C"
"259",413,0.01393,0.01395,"C"
"260",414,0.01587,0.01591,"C"
"261",415,0.00997,0.01334,"A"
"262",417,0.01419,0.01432,"C"
"263",419,0.02039,0.02063,"C"
"264",420,0.01652,0.017,"A"
"265",421,0.02084,0.02096,"A"
"266",423,0.03248,0.03311,"C"
"267",424,0.02144,0.02237,"A"
"268",426,0.02659,0.02864,"A"
"269",428,0.0398,0.0402,"A"
"270",429,0.04679,0.04719,"C"
"271",430,0.02203,0.0222,"C"
"272",431,0.00929,0.00933,"A"
"273",432,0.01875,0.01902,"A"
"274",433,0.01872,0.01893,"A"
"275",435,0.01542,0.01565,"C"
"276",437,0.0118,0.01223,"C"
"277",439,0.01369,0.01371,"C"
"278",440,0.0103,0.0103,"C"
"279",441,0.02125,0.02147,"C"
"280",443,0.02315,0.02349,"C"
"281",444,0.02223,0.02354,"A"
"282",445,0.0315,0.03196,"C"
"283",447,0.01157,0.01168,"A"
"284",448,0.02515,0.02556,"A"
"285",449,0.03215,0.03222,"A"
"286",450,0.03884,0.04075,"C"
"287",453,0.02089,0.02095,"A"
"288",454,0.02255,0.02264,"A"
"289",456,0.0158,0.01583,"C"
"290",457,0.00717,0.00718,"C"
"291",460,0.00724,0.00949,"C"
"292",462,0.00752,0.00752,"C"
"293",463,0.00771,0.00789,"C"
"294",465,0.0096,0.00992,"C"
"295",466,0.01093,0.01235,"A"
"296",467,0.02049,0.02083,"C"
"297",469,0.01585,0.01621,"C"
"298",471,0.01887,0.01914,"C"
"299",473,0.02633,0.02666,"C"
"300",474,0.02409,0.0251,"A"
"301",475,0.02419,0.02437,"A"
"302",477,0.03714,0.03739,"C"
"303",480,0.00523,0.02468,"A"
"304",482,0.02975,0.02999,"C"
"305",483,0.01525,0.01547,"C"
"306",484,0.02369,0.02858,"A"
"307",486,0.03268,0.03297,"C"
"308",487,0.03182,0.03466,"A"
"309",489,0.02282,0.02413,"A"
"310",491,0.02103,0.02219,"C"
"311",492,0.02439,0.025,"A"
"312",495,0.01372,0.01393,"C"
"313",496,0.02676,0.02697,"A"
"314",501,0.01586,0.01595,"A"
"315",507,0.01066,0.01692,"A"
"316",510,0.01726,0.0174,"A"
"317",511,0.02168,0.02204,"A"
"318",512,0.03129,0.0314,"A"
"319",513,0.03839,0.03866,"C"
"320",514,0.0196,0.01976,"C"
"321",515,0.0138,0.014,"A"
"322",516,0.02598,0.02638,"A"
"323",517,0.0322,0.03231,"A"
"324",518,0.0387,0.03914,"C"
"325",519,0.02502,0.02511,"C"
"326",520,0.02943,0.02945,"C"
"327",521,0.02623,0.03465,"A"
"328",523,0.01378,0.01423,"C"
"329",525,0.01581,0.01649,"A"
"330",526,0.04346,0.04376,"C"
"331",528,0.03888,0.04038,"C"
"332",529,0.02652,0.02706,"A"
"333",530,0.01646,0.01657,"A"
"334",531,0.0311,0.03118,"A"
"335",532,0.03312,0.03318,"A"
"336",534,0.02169,0.02189,"C"
"337",537,0.01176,0.01725,"A"
"338",539,0.00947,0.00972,"C"
"339",540,0.03199,0.03269,"A"
"340",542,0.02643,0.02727,"A"
"341",543,0.0252,0.02627,"C"
"342",545,0.01041,0.01043,"C"
"343",546,0.01048,0.01075,"C"
"344",548,0.02008,0.02031,"C"
"345",549,0.01335,0.01439,"A"
"346",550,0.01534,0.01546,"A"
"347",553,0.01029,0.02612,"A"
"348",554,0.02483,0.02497,"C"
"349",555,0.0147,0.01484,"C"
"350",556,0.02387,0.02391,"C"
"351",557,0.01687,0.02052,"A"
"352",558,0.04022,0.04071,"C"
"353",559,0.02557,0.02927,"A"
"354",561,0.01656,0.01675,"A"
"355",564,0.00873,0.01269,"A"
"356",567,0.01419,0.01427,"A"
"357",568,0.00977,0.00992,"A"
"358",570,0.012,0.01201,"A"
"359",571,0.01193,0.01357,"A"
"360",573,0.01849,0.01906,"A"
"361",575,0.02312,0.0233,"C"
"362",576,0.0205,0.02092,"A"
"363",580,0.01345,0.01416,"C"
"364",582,0.03283,0.03359,"A"
"365",583,0.02863,0.02866,"C"
"366",584,0.01249,0.01259,"C"
"367",587,0.01091,0.01109,"A"
"368",588,0.01907,0.01967,"C"
"369",589,0.01227,0.0125,"A"
"370",590,0.01476,0.01584,"A"
"371",591,0.01844,0.01848,"C"
"372",592,0.01184,0.01213,"C"
"373",593,0.01191,0.01201,"C"
"374",595,0.01292,0.01303,"A"
"375",596,0.01319,0.01328,"A"
"376",597,0.02321,0.02339,"C"
"377",598,0.01428,0.01513,"A"
"378",600,0.01282,0.01283,"A"
"379",601,0.0157,0.01671,"A"
"380",602,0.02451,0.02475,"C"
"381",603,0.01444,0.01454,"C"
"382",604,0.01949,0.02123,"A"
"383",607,0.02302,0.02629,"C"
"384",610,0.01267,0.01306,"A"
"385",611,0.0212,0.0215,"A"
"386",615,0.02202,0.02234,"A"
"387",616,0.03207,0.03244,"A"
"388",617,0.03149,0.03237,"C"
"389",619,0.0186,0.01958,"A"
"390",623,0.01221,0.01528,"A"
"391",625,0.02357,0.02486,"A"
"392",628,0.0071,0.02007,"A"
"393",630,0.02065,0.02112,"C"
"394",631,0.01137,0.01156,"C"
"395",633,0.02282,0.0232,"A"
"396",634,0.03185,0.03206,"A"
"397",635,0.03103,0.03257,"C"
"398",637,0.02379,0.02475,"A"
"399",638,0.02181,0.02412,"C"
"400",640,0.02394,0.02633,"A"
"401",641,0.02115,0.02152,"C"
"402",642,0.01429,0.01466,"C"
"403",644,0.01496,0.01549,"C"
"404",645,0.01471,0.01605,"A"
"405",648,0.00875,0.00878,"C"
"406",649,0.00985,0.00991,"C"
"407",651,0.01895,0.01927,"A"
"408",652,0.03073,0.03168,"C"
"409",654,0.02091,0.02192,"A"
"410",655,0.03012,0.03136,"C"
"411",657,0.02813,0.02927,"C"
"412",658,0.02998,0.03084,"A"
"413",659,0.03217,0.03224,"A"
"414",660,0.04855,0.04976,"C"
"415",663,0.0149,0.01501,"A"
"416",664,0.02665,0.02676,"A"
"417",665,0.03883,0.03894,"A"
"418",666,0.03254,0.03415,"C"
"419",668,0.02616,0.02621,"C"
"420",669,0.01769,0.01789,"C"
"421",670,0.02139,0.02915,"A"
"422",672,0.02186,0.02242,"C"
"423",673,0.02234,0.02296,"A"
"424",674,0.01964,0.01967,"C"
"425",675,0.01159,0.01185,"C"
"426",676,0.0183,0.0231,"A"
"427",677,0.02766,0.02836,"C"
"428",679,0.0212,0.02156,"A"
"429",680,0.01633,0.01634,"C"
"430",681,0.01192,0.01208,"C"
"431",682,0.01543,0.01554,"C"
"432",684,0.02643,0.02689,"A"
"433",685,0.02597,0.02674,"C"
"434",687,0.02752,0.02825,"A"
"435",688,0.02122,0.02262,"C"
"436",690,0.0159,0.01685,"A"
"437",692,0.01488,0.01509,"C"
"438",694,0.01787,0.01815,"C"
"439",696,0.0278,0.0286,"C"
"440",697,0.03098,0.0313,"A"
"441",698,0.04464,0.04465,"C"
"442",699,0.02042,0.02058,"C"
"443",702,0.02781,0.02789,"A"
"444",703,0.02819,0.02827,"A"
"445",704,0.02722,0.02726,"A"
"446",705,0.05033,0.05438,"C"
"447",706,0.02379,0.02389,"A"
"448",707,0.02259,0.02366,"A"
"449",709,0.01763,0.01824,"C"
"450",711,0.02002,0.02008,"A"
"451",712,0.02552,0.02559,"A"
"452",713,0.03095,0.03135,"C"
"453",714,0.02338,0.02378,"A"
"454",717,0.03398,0.03424,"A"
"455",718,0.02511,0.02548,"C"
"456",720,0.0214,0.02198,"A"
"457",721,0.02096,0.02196,"A"
"458",722,0.03341,0.03473,"C"
"459",723,0.02297,0.02393,"A"
"460",724,0.03156,0.03163,"C"
"461",725,0.02107,0.02114,"C"
"462",726,0.03033,0.03061,"C"
"463",729,0.02145,0.02181,"A"
"464",730,0.03149,0.0317,"A"
"465",733,0.03253,0.03272,"C"
"466",734,0.02399,0.02424,"C"
"467",735,0.02379,0.03249,"A"
"468",737,0.03403,0.03421,"C"
"469",738,0.02526,0.02637,"C"
"470",739,0.02384,0.03649,"A"
"471",740,0.06604,0.06609,"C"
"472",741,0.00629,0.0063,"C"
"473",742,0.00543,0.00569,"C"
"474",744,0.0059,0.0059,"C"
"475",745,0.00522,0.00538,"C"
"476",747,0.05666,0.05784,"C"
"477",749,0.04756,0.04756,"C"
"478",750,0.04319,0.04319,"C"
"479",751,0.04305,0.04379,"C"
"480",753,0.01774,0.01848,"A"
"481",756,0.00536,0.00635,"A"
"482",759,0.09107,0.0912,"C"
"483",760,0.01774,0.01786,"C"
"484",763,0.01507,0.01511,"C"
"485",764,0.00746,0.00751,"C"
"486",765,0.02681,0.02684,"C"
"487",766,0.03069,0.03073,"C"
"488",767,0.03591,0.03597,"C"
"489",769,0.03668,0.0378,"C"
"490",771,0.03443,0.03485,"A"
"491",772,0.04112,0.0413,"A"
"492",773,0.06824,0.06844,"C"
"493",774,0.0446,0.0451,"C"
"494",777,0.01988,0.02006,"C"
"495",784,0.00426,0.00427,"C"
"496",785,0.00186,0.00187,"C"
"497",786,0.02285,0.02287,"C"
"498",787,0.00898,0.00902,"A"
"499",788,0.0265,0.02652,"A"
"500",789,0.02721,0.02724,"A"
"501",794,0.00653,0.00656,"C"
"502",795,0.03773,0.03775,"C"
"503",796,0.01017,0.01528,"A"
"504",799,0.01093,0.02171,"A"
"505",801,0.02423,0.02466,"C"
"506",803,0.02827,0.02841,"A"
"507",804,0.0325,0.03263,"A"
"508",806,0.02549,0.02553,"A"
"509",807,0.02398,0.02417,"A"
"510",810,0.02612,0.02728,"C"
"511",811,0.03064,0.03129,"A"
"512",812,0.05248,0.0599,"C"
"513",813,0.00134,0.00137,"A"
"514",814,0.00778,0.00782,"A"
"515",815,0.02503,0.02513,"A"
"516",816,0.01532,0.01541,"A"
"517",817,0.02636,0.02643,"A"
"518",818,0.01928,0.01935,"A"
"519",819,0.03846,0.04647,"C"
"520",820,0.02763,0.02764,"A"
"521",821,0.02501,0.02537,"A"
"522",823,0.02901,0.02959,"A"
"523",825,0.02087,0.02093,"C"
"524",826,0.00829,0.00837,"C"
"525",828,0.01985,0.02022,"C"
"526",829,0.02152,0.02459,"A"
"527",831,0.01789,0.01851,"C"
"528",832,0.01903,0.02164,"A"
"529",834,0.01479,0.01505,"C"
"530",835,0.01436,0.01469,"C"
"531",836,0.01931,0.01937,"C"
"532",837,0.02352,0.02377,"C"
"533",838,0.02915,0.03789,"A"
"534",839,0.0426,0.04261,"C"
"535",840,0.01745,0.01773,"C"
"536",841,0.02369,0.02785,"A"
"537",843,0.02426,0.02449,"C"
"538",844,0.02435,0.02674,"A"
"539",846,0.0264,0.02891,"A"
"540",848,0.02088,0.02097,"C"
"541",849,0.00808,0.00823,"C"
"542",850,0.02185,0.03163,"A"
"543",851,0.03007,0.0301,"C"
"544",852,0.01271,0.01285,"C"
"545",853,0.01484,0.01872,"A"
"546",855,0.01814,0.01872,"C"
"547",856,0.02337,0.02485,"A"
"548",857,0.02557,0.02563,"C"
"549",858,0.01515,0.01517,"C"
"550",859,0.01653,0.0168,"C"
"551",861,0.01771,0.01772,"C"
"552",862,0.01714,0.01736,"C"
"553",865,0.00923,0.00954,"A"
"554",866,0.02375,0.02382,"A"
"555",867,0.03279,0.03287,"C"
"556",868,0.01564,0.01575,"C"
"557",870,0.02129,0.0218,"C"
"558",872,0.02942,0.03063,"A"
"559",873,0.03354,0.03411,"C"
"560",876,0.0139,0.01628,"C"
"561",878,0.02686,0.02745,"A"
"562",879,0.02478,0.02482,"C"
"563",880,0.0123,0.01279,"C"
"564",882,0.01808,0.02265,"A"
"565",883,0.04082,0.0415,"C"
"566",885,0.02827,0.02828,"C"
"567",886,0.01228,0.01238,"C"
"568",888,0.02354,0.02395,"A"
"569",889,0.025,0.02526,"A"
"570",891,0.02556,0.02603,"C"
"571",893,0.01978,0.02327,"A"
"572",894,0.02675,0.02722,"C"
"573",896,0.01091,0.01092,"C"
"574",897,0.01233,0.0125,"C"
"575",898,0.01543,0.02082,"A"
"576",899,0.02733,0.02733,"C"
"577",900,0.01577,0.01605,"C"
"578",902,0.02258,0.02283,"C"
"579",903,0.01719,0.01827,"A"
"580",904,0.02281,0.02295,"A"
"581",906,0.02488,0.02517,"C"
"582",907,0.04561,0.04622,"A"
"583",908,0.02106,0.02196,"C"
"584",909,0.02635,0.02667,"A"
"585",910,0.01265,0.01301,"C"
"586",912,0.01139,0.01243,"A"
"587",913,0.00977,0.01022,"C"
"588",915,0.00683,0.00684,"C"
"589",916,0.01092,0.01093,"C"
"590",917,0.02409,0.02411,"C"
"591",918,0.02743,0.0275,"C"
"592",919,0.01345,0.0191,"A"
"593",921,0.01468,0.01492,"A"
"594",923,0.02364,0.02377,"C"
"595",925,0.02755,0.02771,"A"
"596",926,0.02361,0.02377,"A"
"597",927,0.04463,0.04544,"C"
"598",928,0.02651,0.02654,"A"
"599",929,0.02533,0.02573,"A"
"600",930,0.04633,0.04703,"C"
"601",933,0.0013,0.00168,"A"
"602",934,0.02174,0.0222,"A"
"603",935,0.01571,0.01575,"A"
"604",936,0.02694,0.02797,"A"
"605",937,0.02122,0.02143,"A"
"606",939,0.02012,0.02012,"A"
"607",940,0.01215,0.01215,"A"
"608",941,0.02267,0.02269,"A"
"609",942,0.02216,0.0231,"A"
"610",945,0.03052,0.0307,"A"
"611",946,0.03701,0.03723,"C"
"612",947,0.04084,0.04093,"A"
"613",953,0.04021,0.04028,"A"
"614",954,0.03345,0.03352,"A"
"615",955,0.0491,0.04951,"C"
"616",956,0.03665,0.03771,"A"
"617",958,0.03145,0.03172,"A"
"618",959,0.04546,0.04682,"C"
"619",960,0.02803,0.02804,"A"
"620",961,0.01277,0.01277,"A"
"621",962,0.01955,0.01955,"A"
"622",963,0.02916,0.02937,"A"
"623",964,0.03283,0.03455,"C"
"624",965,0.0308,0.03102,"C"
"625",966,0.02377,0.02398,"C"
"626",967,0.01923,0.0335,"A"
"627",968,0.0385,0.03855,"C"
"628",969,0.02391,0.02392,"C"
"629",970,0.02796,0.02796,"C"
"630",971,0.0207,0.02083,"C"
"631",972,0.03216,0.03369,"A"
"632",975,0.02133,0.02141,"C"
"633",976,0.01175,0.01194,"C"
"634",978,0.016,0.01601,"C"
"635",979,0.01611,0.01613,"C"
"636",980,0.0195,0.01951,"C"
"637",981,0.02762,0.02778,"C"
"638",982,0.01761,0.03497,"A"
"639",983,0.03998,0.04088,"C"
"640",984,0.03208,0.03559,"A"
"641",985,0.0276,0.02822,"C"
"642",987,0.01527,0.01564,"C"
"643",988,0.01908,0.02054,"A"
"644",990,0.03027,0.03087,"C"
"645",992,0.02341,0.02341,"C"
"646",993,0.0135,0.0135,"C"
"647",994,0.0236,0.02365,"C"
"648",997,0.01917,0.03117,"A"
"649",998,0.04324,0.0433,"C"
"650",999,0.02657,0.02676,"C"
"651",1000,0.02865,0.03881,"A"
"652",1001,0.04935,0.04967,"C"
"653",1003,0.0189,0.0191,"C"
"654",1005,0.01621,0.01825,"A"
"655",1006,0.02288,0.02304,"C"
"656",1008,0.01111,0.01112,"C"
"657",1009,0.00797,0.0084,"C"
"658",1011,0.02457,0.02523,"A"
"659",1012,0.02682,0.0269,"C"
"660",1013,0.01142,0.01192,"C"
"661",1015,0.01357,0.01459,"A"
"662",1017,0.01384,0.01428,"C"
"663",1019,0.00766,0.00766,"C"
"664",1020,0.01659,0.01659,"C"
"665",1021,0.01999,0.01999,"C"
"666",1022,0.02983,0.02986,"C"
"667",1027,0.01763,0.02125,"A"
"668",1029,0.01332,0.01392,"A"
"669",1030,0.02881,0.02949,"C"
"670",1032,0.01689,0.01699,"A"
"671",1033,0.01966,0.01966,"A"
"672",1035,0.01469,0.01469,"A"
"673",1036,0.01522,0.01619,"A"
"674",1038,0.02141,0.02207,"C"
"675",1041,0.00036,0.00036,"A"
"676",1043,0,0,"A"
