"","Position","Mismatches","Mismatches...Deletions","Base","NormalizedReactivity"
"1",19,9e-05,9e-05,"G",0
"2",20,0.00108,0.00108,"A",0.119469026548673
"3",21,0.00235,0.00235,"A",0.259955752212389
"4",22,0.00045,0.00048,"T",0
"5",23,0.00184,0.00193,"G",0
"6",24,0.00193,0.00194,"C",0.214601769911504
"7",25,7e-04,7e-04,"C",0.0774336283185841
"8",26,0.0029,0.0029,"C",0.320796460176991
"9",27,0.00581,0.00581,"C",0.642699115044248
"10",28,0.00602,0.00602,"A",0.665929203539823
"11",29,0.00628,0.00629,"A",0.695796460176991
"12",30,0.00734,0.00744,"C",0.823008849557522
"13",31,0.00082,0.00088,"T",0
"14",32,0.0044,0.00441,"A",0.48783185840708
"15",33,0.00612,0.00613,"A",0.678097345132743
"16",34,0.00473,0.00473,"A",0.523230088495575
"17",35,0.00075,0.00082,"T",0
"18",36,0.00738,0.00747,"A",0.826327433628319
"19",37,0.00695,0.00715,"C",0.790929203539823
"20",38,0.00072,0.00083,"T",0
"21",39,0.01015,0.01027,"A",1
"22",40,0.00733,0.00736,"C",0.814159292035398
"23",41,0.00377,0.00378,"C",0.418141592920354
"24",42,0.00349,0.00356,"G",0
"25",43,0.00075,0.00087,"T",0
"26",44,0.00193,0.00206,"A",0.22787610619469
"27",45,0.00045,0.00048,"T",0
"28",46,0.00159,0.0016,"G",0
"29",47,0.00151,0.00153,"G",0
"30",48,0.00392,0.00393,"C",0.434734513274336
"31",49,0.00188,0.00189,"C",0.209070796460177
"32",50,0.00324,0.00324,"C",0.358407079646018
"33",51,0.00392,0.00449,"A",0.496681415929204
"34",52,0.005,0.00502,"C",0.555309734513274
"35",53,0.0035,0.0035,"C",0.38716814159292
"36",54,0.00293,0.0037,"A",0.40929203539823
"37",55,0.00086,0.00097,"T",0
"38",56,0.00382,0.00383,"A",0.423672566371681
"39",57,0.00416,0.00424,"A",0.469026548672566
"40",58,0.00065,0.00067,"T",0
"41",59,0.00059,6e-04,"T",0
"42",60,0.00579,0.00648,"A",0.716814159292035
"43",61,0.00336,0.00337,"C",0.372787610619469
"44",62,0.00212,0.00212,"C",0.234513274336283
"45",63,0.00291,0.00292,"C",0.323008849557522
"46",64,0.00176,0.00177,"C",0.195796460176991
"47",65,0.00219,0.00219,"C",0.242256637168142
"48",66,0.00201,0.00296,"A",0.327433628318584
"49",67,0.00081,0.00087,"T",0
"50",68,0.00367,0.00376,"A",0.415929203539823
"51",69,0.00223,0.00229,"C",0.253318584070796
"52",70,0.00068,0.00073,"T",0
"53",71,0.00253,0.00253,"C",0.279867256637168
"54",72,0.00278,0.00279,"C",0.308628318584071
"55",73,0.00084,0.00084,"T",0
"56",74,0.00106,0.00108,"T",0
"57",75,0.00409,0.00558,"A",0.617256637168142
"58",76,0.00565,0.00582,"C",0.643805309734513
"59",77,0.00649,0.00655,"A",0.724557522123894
"60",78,0.00507,0.00513,"C",0.567477876106195
"61",79,0.00059,0.00064,"T",0
"62",80,0.00425,0.0051,"A",0.564159292035398
"63",81,0.00104,0.00104,"T",0
"64",82,0.00058,0.00059,"T",0
"65",83,0.00277,0.0028,"C",0.309734513274336
"66",84,0.00209,0.00211,"C",0.233407079646018
"67",85,0.00093,0.00102,"T",0
"68",86,0.00142,0.00148,"C",0.163716814159292
"69",87,0.00213,0.00222,"A",0.245575221238938
"70",88,0.00085,0.00098,"T",0
"71",89,0.00173,0.00178,"C",0.196902654867257
"72",90,0.00256,0.00266,"A",0.29424778761062
"73",91,0.00193,0.00194,"C",0.214601769911504
"74",92,0.00229,0.00229,"C",0.253318584070796
"75",93,0.00488,0.00489,"C",0.540929203539823
"76",94,0.00365,0.00367,"A",0.405973451327434
"77",95,0.00385,0.00385,"A",0.425884955752212
"78",96,0.0063,0.00644,"C",0.712389380530974
"79",97,0.0012,0.0013,"T",0
"80",98,0.00143,0.00143,"A",0.158185840707965
"81",99,0.0046,0.00463,"A",0.51216814159292
"82",100,0.00477,0.00479,"A",0.529867256637168
"83",101,0.00598,0.00599,"A",0.662610619469027
"84",102,0.00496,0.00496,"A",0.548672566371681
"85",103,0.00115,0.00126,"T",0
"86",104,0.00529,0.00552,"A",0.610619469026549
"87",105,9e-04,9e-04,"T",0
"88",106,0.00091,0.00099,"T",0
"89",107,0.00669,0.0067,"A",0.741150442477876
"90",108,0.0059,0.00592,"A",0.654867256637168
"91",109,0.00639,0.00641,"A",0.709070796460177
"92",110,0.00756,0.00792,"C",0.876106194690266
"93",111,0.00688,0.00707,"A",0.782079646017699
"94",112,0.00668,0.00707,"C",0.782079646017699
"95",113,0.00568,0.00569,"A",0.629424778761062
"96",114,0.00568,0.0057,"A",0.630530973451327
"97",115,0.00651,0.00655,"A",0.724557522123894
"98",116,0.0068,0.00714,"C",0.789823008849558
"99",117,0.00104,0.00109,"T",0
"100",118,0.00664,0.00674,"A",0.745575221238938
"101",119,0.00632,0.00637,"C",0.704646017699115
"102",120,0.00418,0.00421,"C",0.46570796460177
"103",121,0.00752,0.00877,"A",0.970132743362832
"104",122,0.00482,0.00484,"C",0.535398230088496
"105",123,0.00363,0.00368,"C",0.407079646017699
"106",124,0.00176,0.00195,"T",0
"107",125,0.00802,0.0081,"A",0.896017699115044
"108",126,0.00438,0.00438,"C",0.484513274336283
"109",127,0.0033,0.00336,"C",0.371681415929204
"110",128,0.00152,0.00167,"T",0
"111",129,0.00396,0.00396,"C",0.438053097345133
"112",130,0.00257,0.00258,"C",0.285398230088496
"113",131,0.00377,0.00382,"C",0.422566371681416
"114",132,0.0012,0.00132,"T",0
"115",133,0.00453,0.0046,"C",0.508849557522124
"116",134,0.00595,0.00619,"A",0.684734513274336
"117",135,0.00346,0.00346,"C",0.382743362831858
"118",136,0.00234,0.00237,"C",0.26216814159292
"119",137,0.00338,0.00339,"A",0.375
"120",138,0.0025,0.00252,"A",0.278761061946903
"121",139,0.0033,0.0033,"A",0.365044247787611
"122",140,0.00208,0.00223,"G",0
"123",141,0.00292,0.00293,"C",0.324115044247788
"124",142,0.0024,0.00241,"C",0.266592920353982
"125",143,0.00596,0.00597,"C",0.660398230088496
"126",144,0.00481,0.00511,"A",0.565265486725664
"127",145,0.00173,0.00188,"T",0
"128",146,0.00234,0.00234,"A",0.258849557522124
"129",147,0.00438,0.00439,"A",0.485619469026549
"130",148,0.00416,0.00416,"A",0.460176991150442
"131",149,0.00683,0.00683,"A",0.755530973451327
"132",150,0.00569,0.00572,"A",0.632743362831859
"133",151,0.00891,0.00973,"T",0
"134",152,0.00166,0.00167,"A",0.184734513274336
"135",153,0.00146,0.00146,"A",0.161504424778761
"136",154,0.00413,0.00413,"A",0.456858407079646
"137",155,0.00286,0.00286,"A",0.316371681415929
"138",156,0.00405,0.00407,"A",0.450221238938053
"139",157,0.00383,0.00385,"A",0.425884955752212
"140",158,0.00184,0.00188,"T",0
"141",159,0.00097,0.00105,"T",0
"142",160,0.003,0.00483,"A",0.53429203539823
"143",161,0.00123,0.00138,"T",0
"144",162,0.00464,0.00465,"A",0.514380530973451
"145",163,0.0051,0.00521,"A",0.576327433628319
"146",164,0.00496,0.00513,"C",0.567477876106195
"147",165,0.00372,0.00373,"A",0.412610619469027
"148",166,0.0037,0.0037,"A",0.40929203539823
"149",167,0.00484,0.00502,"A",0.555309734513274
"150",168,0.00472,0.00477,"C",0.527654867256637
"151",169,0.00271,0.00272,"C",0.300884955752212
"152",170,0.00413,0.00414,"C",0.457964601769911
"153",171,0.00172,0.00182,"T",0
"154",172,0.00162,0.00175,"G",0
"155",173,0.00821,0.00853,"A",0.94358407079646
"156",174,0.00254,0.00273,"G",0
"157",175,0.00734,0.00736,"A",0.814159292035398
"158",176,0.00835,0.0084,"A",0.929203539823009
"159",177,0.01014,0.01019,"C",1
"160",178,0.00792,0.00803,"C",0.888274336283186
"161",179,0.00406,0.00409,"A",0.452433628318584
"162",180,0.00368,0.00369,"A",0.408185840707965
"163",181,0.00449,0.00451,"A",0.498893805309735
"164",182,0.00429,0.00433,"A",0.478982300884956
"165",183,0.00094,0.00103,"T",0
"166",184,0.00126,0.00137,"G",0
"167",185,0.00313,0.00313,"A",0.346238938053097
"168",186,0.00388,0.0039,"A",0.43141592920354
"169",187,0.00377,0.00389,"C",0.430309734513274
"170",188,0.00249,0.00265,"G",0
"171",189,0.00397,0.00399,"A",0.441371681415929
"172",190,0.00243,0.00246,"A",0.27212389380531
"173",191,0.00831,0.00833,"A",0.921460176991151
"174",192,0.00901,0.00904,"A",1
"175",193,0.00099,0.00109,"T",0
"176",194,0.00892,0.00902,"C",0.997787610619469
"177",195,0.00126,0.00132,"T",0
"178",196,0.00251,0.0027,"G",0
"179",197,0.00157,0.00157,"T",0
"180",198,0.00051,0.00053,"T",0
"181",199,0.00187,0.00197,"C",0.217920353982301
"182",200,0.00274,0.0028,"G",0
"183",201,0.01007,0.01021,"C",1
"184",202,0.00072,0.00078,"T",0
"185",203,0.00078,0.00079,"T",0
"186",204,0.00159,0.00171,"C",0.189159292035398
"187",205,0.00283,0.00294,"A",0.325221238938053
"188",206,0.00074,0.00075,"T",0
"189",207,0.00053,0.00055,"T",0
"190",208,0.00621,0.00632,"C",0.699115044247788
"191",209,0.00505,0.00522,"A",0.577433628318584
"192",210,0.00106,0.00107,"T",0
"193",211,0.00121,0.00123,"T",0
"194",212,0.00308,0.0032,"G",0
"195",213,0.00471,0.00476,"C",0.526548672566372
"196",214,0.00162,0.00164,"C",0.18141592920354
"197",215,0.00519,0.00521,"C",0.576327433628319
"198",216,0.00543,0.00544,"C",0.601769911504425
"199",217,0.00749,0.00755,"C",0.835176991150443
"200",218,0.00549,0.00659,"A",0.728982300884956
"201",219,0.01156,0.01182,"C",1
"202",220,0.00613,0.00621,"A",0.686946902654867
"203",221,0.00602,0.00609,"A",0.673672566371681
"204",222,0.00105,0.00112,"T",0
"205",223,0.00735,0.00736,"C",0.814159292035398
"206",224,0.00488,0.0049,"C",0.542035398230089
"207",225,0.00141,0.00153,"T",0
"208",226,0.00776,0.0087,"A",0.962389380530973
"209",227,0.00093,0.00095,"G",0
"210",228,0.00185,0.00185,"G",0
"211",229,0.00276,0.00276,"C",0.305309734513274
"212",230,0.00244,0.0025,"C",0.276548672566372
"213",231,0.00128,0.00146,"T",0
"214",232,0.00733,0.00757,"A",0.837389380530974
"215",233,0.01222,0.01226,"C",1
"216",234,0.00746,0.00753,"C",0.832964601769912
"217",235,0.01259,0.01282,"C",1
"218",236,0.0038,0.00393,"G",0
"219",237,0.00271,0.00275,"C",0.304203539823009
"220",238,0.00296,0.00296,"C",0.327433628318584
"221",239,0.00452,0.00468,"G",0
"222",240,0.00603,0.00616,"C",0.68141592920354
"223",241,0.00528,0.00538,"A",0.595132743362832
"224",242,0.00299,0.00305,"G",0
"225",243,0.00123,0.00129,"T",0
"226",244,0.00476,0.00485,"A",0.536504424778761
"227",245,0.00539,0.00547,"C",0.605088495575221
"228",246,0.00102,0.00116,"T",0
"229",247,0.00195,0.00215,"G",0
"230",248,0.00502,0.00509,"A",0.563053097345133
"231",249,0.00116,0.00132,"T",0
"232",250,0.00469,0.00482,"C",0.533185840707965
"233",251,0.00537,0.0055,"A",0.608407079646018
"234",252,0.00143,0.00144,"T",0
"235",253,8e-04,0.00081,"T",0
"236",254,0.00353,0.00406,"C",0.449115044247788
"237",255,0.00082,0.00097,"T",0
"238",256,0.00488,0.00523,"A",0.57853982300885
"239",257,0.00149,0.00149,"T",0
"240",258,0.0011,0.0011,"T",0
"241",259,0.00135,0.00137,"T",0
"242",260,0.00604,0.00608,"C",0.672566371681416
"243",261,0.00427,0.00428,"C",0.473451327433628
"244",262,0.00619,0.00619,"C",0.684734513274336
"245",263,0.00519,0.00521,"C",0.576327433628319
"246",264,0.00578,0.00578,"C",0.639380530973451
"247",265,0.00111,0.00125,"T",0
"248",266,0.00583,0.00587,"C",0.649336283185841
"249",267,0.0012,0.00135,"T",0
"250",268,0.00733,0.0075,"A",0.829646017699115
"251",269,0.00128,0.00129,"T",0
"252",270,0.00098,0.00098,"T",0
"253",271,0.00192,0.00204,"G",0
"254",272,0.00499,0.00512,"A",0.566371681415929
"255",273,0.00119,0.00125,"T",0
"256",274,0.00465,0.00468,"C",0.517699115044248
"257",275,0.00294,0.00294,"C",0.325221238938053
"258",276,0.0029,0.00292,"C",0.323008849557522
"259",277,0.00336,0.0034,"C",0.376106194690266
"260",278,0.00521,0.00557,"A",0.616150442477876
"261",279,0.0043,0.00431,"C",0.476769911504425
"262",280,0.00267,0.00272,"C",0.300884955752212
"263",281,0.00146,0.00153,"T",0
"264",282,0.00343,0.00343,"C",0.379424778761062
"265",283,0.00214,0.00215,"C",0.23783185840708
"266",284,0.00467,0.00474,"A",0.524336283185841
"267",285,0.00388,0.00389,"A",0.430309734513274
"268",286,0.00414,0.00417,"A",0.461283185840708
"269",287,0.00124,0.00131,"T",0
"270",288,0.00467,0.00477,"A",0.527654867256637
"271",289,0.00108,0.00114,"T",0
"272",290,0.00478,0.00491,"C",0.543141592920354
"273",291,0.0012,0.00139,"T",0
"274",292,0.00422,0.00437,"C",0.483407079646018
"275",293,0.00575,0.00608,"A",0.672566371681416
"276",294,0.00167,0.00174,"T",0
"277",295,0.00606,0.00619,"C",0.684734513274336
"278",296,0.00836,0.00842,"A",0.93141592920354
"279",297,0.00712,0.00713,"A",0.788716814159292
"280",298,0.00985,0.01007,"C",1
"281",299,0.00729,0.00732,"A",0.809734513274336
"282",300,0.00869,0.00878,"A",0.971238938053097
"283",301,0.01033,0.01035,"C",1
"284",302,0.00635,0.00641,"C",0.709070796460177
"285",303,0.00213,0.00236,"G",0
"286",304,0.00935,0.00939,"A",1
"287",305,0.006,0.00612,"C",0.676991150442478
"288",306,0.00137,0.00143,"T",0
"289",307,0.00433,0.00433,"A",0.478982300884956
"290",308,0.00382,0.00386,"A",0.426991150442478
"291",309,0.00086,0.00095,"T",0
"292",310,0.00424,0.00433,"C",0.478982300884956
"293",311,0.00607,0.00616,"A",0.68141592920354
"294",312,0.00252,0.00252,"C",0.278761061946903
"295",313,0.00225,0.00227,"C",0.251106194690266
"296",314,0.00339,0.00417,"A",0.461283185840708
"297",315,0.00329,0.0033,"C",0.365044247787611
"298",316,0.00285,0.00285,"C",0.315265486725664
"299",317,0.00369,0.0037,"C",0.40929203539823
"300",318,0.00443,0.00443,"A",0.490044247787611
"301",319,0.0038,0.00382,"A",0.422566371681416
"302",320,0.00617,0.00637,"C",0.704646017699115
"303",321,0.00585,0.00586,"A",0.648230088495575
"304",322,0.00508,0.00511,"A",0.565265486725664
"305",323,0.00158,0.00166,"T",0
"306",324,0.00156,0.00158,"G",0
"307",325,0.00705,0.00711,"A",0.786504424778761
"308",326,0.00513,0.00521,"C",0.576327433628319
"309",327,0.00127,0.0013,"T",0
"310",328,0.0041,0.00412,"A",0.455752212389381
"311",329,0.00436,0.00437,"A",0.483407079646018
"312",330,0.00104,0.00124,"T",0
"313",331,0.00356,0.00367,"C",0.405973451327434
"314",332,0.00518,0.00521,"A",0.576327433628319
"315",333,0.00399,0.00399,"A",0.441371681415929
"316",334,0.00602,0.00603,"A",0.667035398230089
"317",335,0.00416,0.00438,"C",0.484513274336283
"318",336,0.00103,0.00113,"T",0
"319",337,0.00397,0.00401,"A",0.44358407079646
"320",338,0.00401,0.00404,"A",0.446902654867257
"321",339,0.00367,0.00371,"C",0.410398230088496
"322",340,0.00273,0.00281,"C",0.310840707964602
"323",341,0.00084,0.001,"T",0
"324",342,0.00467,0.00475,"C",0.525442477876106
"325",343,0.00505,0.00516,"A",0.570796460176991
"326",344,0.00348,0.0035,"A",0.38716814159292
"327",345,0.00525,0.00528,"A",0.584070796460177
"328",346,0.00776,0.00777,"A",0.859513274336283
"329",347,0.00691,0.00769,"C",0.850663716814159
"330",348,0.00389,0.0039,"A",0.43141592920354
"331",349,0.00508,0.00508,"A",0.561946902654867
"332",350,0.00496,0.00506,"A",0.559734513274336
"333",351,0.0014,0.0015,"T",0
"334",352,0.00199,0.00213,"G",0
"335",353,0.00485,0.00495,"A",0.547566371681416
"336",354,0.00131,0.00144,"T",0
"337",355,0.00424,0.00425,"A",0.470132743362832
"338",356,0.0046,0.00469,"A",0.518805309734513
"339",357,0.00315,0.00319,"C",0.35287610619469
"340",358,0.00239,0.00242,"C",0.267699115044248
"341",359,0.00228,0.00393,"A",0.434734513274336
"342",360,0.00126,0.00132,"T",0
"343",361,0.00503,0.00511,"A",0.565265486725664
"344",362,0.00543,0.00566,"C",0.626106194690266
"345",363,0.00493,0.00509,"A",0.563053097345133
"346",364,0.00595,0.00615,"C",0.680309734513274
"347",365,0.00588,0.00588,"A",0.650442477876106
"348",366,0.00697,0.00702,"A",0.776548672566372
"349",367,0.00706,0.00731,"C",0.808628318584071
"350",368,0.00588,0.00594,"A",0.657079646017699
"351",369,0.00485,0.00501,"C",0.554203539823009
"352",370,0.00081,0.00091,"T",0
"353",371,0.00459,0.00462,"A",0.511061946902655
"354",372,0.00509,0.00509,"A",0.563053097345133
"355",373,0.00459,0.00461,"A",0.509955752212389
"356",374,0.00178,0.0018,"G",0
"357",375,0.00155,0.00157,"G",0
"358",376,0.00635,0.00707,"A",0.782079646017699
"359",377,0.00472,0.00493,"C",0.545353982300885
"360",378,0.00395,0.00405,"G",0
"361",379,0.00317,0.00322,"A",0.356194690265487
"362",380,0.0043,0.00434,"A",0.480088495575221
"363",381,0.00322,0.00324,"C",0.358407079646018
"364",382,0.00241,0.00245,"C",0.271017699115044
"365",383,0.00116,0.00126,"T",0
"366",384,0.00196,0.00205,"G",0
"367",385,0.00286,0.00296,"A",0.327433628318584
"368",386,0.00119,0.00125,"T",0
"369",387,0.00359,0.00367,"C",0.405973451327434
"370",388,0.00066,0.00069,"T",0
"371",389,0.00359,0.00365,"C",0.403761061946903
"372",390,0.00088,0.00088,"T",0
"373",391,0.00112,0.00113,"T",0
"374",392,0.00304,0.00446,"A",0.493362831858407
"375",393,0.00082,0.00089,"T",0
"376",394,0.0048,0.0049,"A",0.542035398230089
"377",395,0.00308,0.00311,"C",0.344026548672566
"378",396,0.00056,6e-04,"T",0
"379",397,0.00303,0.00308,"A",0.34070796460177
"380",398,0.00084,0.00086,"G",0
"381",399,0.00124,0.00131,"T",0
"382",400,0.00264,0.00269,"A",0.297566371681416
"383",401,0.00077,0.00081,"T",0
"384",402,0.00317,0.00318,"C",0.351769911504425
"385",403,0.00311,0.00313,"C",0.346238938053097
"386",404,0.00115,0.00115,"T",0
"387",405,0.0011,0.00112,"T",0
"388",406,0.00365,0.00374,"A",0.413716814159292
"389",407,0.00522,0.0053,"A",0.586283185840708
"390",408,0.00135,0.00141,"T",0
"391",409,0.00572,0.00584,"C",0.646017699115044
"392",410,0.00328,0.00344,"A",0.380530973451327
"393",411,0.00109,0.00109,"T",0
"394",412,6e-04,6e-04,"T",0
"395",413,0.00061,0.00061,"T",0
"396",414,0.00072,0.00072,"T",0
"397",415,0.00086,0.00087,"T",0
"398",416,0.00289,0.00409,"A",0.452433628318584
"399",417,0.00224,0.00225,"T",0
"400",418,0.00329,0.0033,"T",0
"401",419,0.00241,0.00248,"G",0
"402",420,0.00424,0.00427,"C",0.472345132743363
"403",421,0.00332,0.00335,"C",0.370575221238938
"404",422,0.00583,0.00841,"A",0.930309734513274
"405",423,0.00953,0.01004,"C",1
"406",424,0.00602,0.00606,"A",0.670353982300885
"407",425,0.00865,0.00875,"A",0.967920353982301
"408",426,0.00799,0.00827,"C",0.914823008849558
"409",427,0.00139,0.00153,"T",0
"410",428,0.00656,0.00659,"A",0.728982300884956
"411",429,0.00759,0.00765,"A",0.846238938053097
"412",430,0.00628,0.0063,"C",0.696902654867257
"413",431,0.0038,0.00387,"C",0.428097345132743
"414",432,0.00103,0.00113,"T",0
"415",433,0.00466,0.00468,"C",0.517699115044248
"416",434,0.00568,0.00576,"C",0.63716814159292
"417",435,0.00171,0.00183,"T",0
"418",436,0.00797,0.00818,"C",0.904867256637168
"419",437,0.00152,0.00158,"G",0
"420",438,0.00145,0.00149,"G",0
"421",439,0.00569,0.00624,"A",0.690265486725664
"422",440,0.00465,0.00487,"C",0.538716814159292
"423",441,0.00091,0.00098,"T",0
"424",442,0.00343,0.00344,"C",0.380530973451327
"425",443,0.00256,0.00261,"C",0.288716814159292
"426",444,0.00144,0.0016,"T",0
"427",445,0.00178,0.0019,"G",0
"428",446,0.00324,0.00325,"C",0.359513274336283
"429",447,0.00186,0.00188,"C",0.207964601769912
"430",448,0.00083,0.00101,"T",0
"431",449,0.00476,0.00493,"C",0.545353982300885
"432",450,0.00423,0.00437,"A",0.483407079646018
"433",451,0.00633,0.00647,"C",0.71570796460177
"434",452,0.0011,0.00124,"T",0
"435",453,0.00519,0.00533,"C",0.589601769911504
"436",454,0.004,0.00431,"A",0.476769911504425
"437",455,0.00134,0.00136,"T",0
"438",456,0.00123,0.00124,"T",0
"439",457,0.00117,0.00119,"T",0
"440",458,0.00923,0.00981,"A",1
"441",459,0.00714,0.00737,"C",0.815265486725664
"442",460,0.0113,0.01138,"A",1
"443",461,0.00581,0.00585,"C",0.64712389380531
"444",462,0.00444,0.00451,"C",0.498893805309735
"445",463,0.00424,0.00426,"A",0.471238938053097
"446",464,0.00505,0.00507,"A",0.560840707964602
"447",465,0.00392,0.00393,"C",0.434734513274336
"448",466,0.00244,0.00247,"C",0.273230088495575
"449",467,0.00332,0.00413,"A",0.456858407079646
"450",468,0.0042,0.0042,"C",0.464601769911504
"451",469,0.00316,0.00317,"C",0.350663716814159
"452",470,0.00552,0.00553,"C",0.611725663716814
"453",471,0.00469,0.00473,"A",0.523230088495575
"454",472,0.00513,0.00514,"A",0.56858407079646
"455",473,0.00937,0.0095,"C",1
"456",474,0.00116,0.00125,"T",0
"457",475,0.00678,0.0069,"A",0.763274336283186
"458",476,0.00133,0.0014,"T",0
"459",477,0.00845,0.00857,"C",0.948008849557522
"460",478,0.00107,0.00112,"T",0
"461",479,0.00871,0.00893,"A",0.98783185840708
"462",480,0.00161,0.00179,"T",0
"463",481,0.00783,0.00785,"A",0.868362831858407
"464",482,0.0077,0.00771,"A",0.85287610619469
"465",483,0.00973,0.00982,"A",1
"466",484,0.0109,0.01098,"C",1
"467",485,0.00333,0.00335,"C",0.370575221238938
"468",486,0.00095,0.00108,"T",0
"469",487,0.01031,0.01052,"A",1
"470",488,0.00153,0.0016,"G",0
"471",489,0.00523,0.00524,"C",0.579646017699115
"472",490,0.00411,0.00411,"C",0.454646017699115
"473",491,0.00469,0.0058,"A",0.641592920353982
"474",492,0.00132,0.00145,"T",0
"475",493,0.00215,0.00218,"G",0
"476",494,0.00167,0.00172,"G",0
"477",495,0.00514,0.00514,"C",0.56858407079646
"478",496,0.0054,0.00545,"C",0.60287610619469
"479",497,0.00626,0.00755,"A",0.835176991150443
"480",498,0.00159,0.0017,"T",0
"481",499,0.00759,0.00762,"C",0.842920353982301
"482",500,0.00797,0.00798,"C",0.882743362831858
"483",501,0.00808,0.00809,"C",0.894911504424779
"484",502,0.00411,0.00413,"C",0.456858407079646
"485",503,0.00104,0.00108,"T",0
"486",504,0.00152,0.00154,"T",0
"487",505,0.00392,0.00624,"A",0.690265486725664
"488",506,0.00159,0.00167,"T",0
"489",507,0.00131,0.0015,"G",0
"490",508,0.00331,0.00347,"A",0.383849557522124
"491",509,0.00153,0.00167,"G",0
"492",510,0.00486,0.00504,"C",0.557522123893805
"493",511,0.0039,0.0039,"G",0
"494",512,0.00262,0.00262,"G",0
"495",513,0.00426,0.00427,"G",0
"496",514,0.00311,0.00336,"C",0.371681415929204
"497",515,0.00521,0.00535,"A",0.591814159292035
"498",516,0.00593,0.00602,"C",0.665929203539823
"499",517,0.00603,0.00617,"A",0.682522123893805
"500",518,0.00192,0.00198,"G",0
"501",519,0.00116,0.00128,"T",0
"502",520,0.00205,0.00208,"G",0
"503",521,0.00608,0.00633,"A",0.700221238938053
"504",522,0.00093,0.00095,"T",0
"505",523,0.00099,0.00102,"T",0
"506",524,0.00578,0.00893,"A",0.98783185840708
"507",525,0.00084,0.00097,"T",0
"508",526,0.00599,0.0064,"A",0.707964601769912
"509",527,0.00096,0.00099,"G",0
"510",528,0.00132,0.00134,"G",0
"511",529,0.00351,0.00363,"C",0.401548672566372
"512",530,0.00066,0.00067,"T",0
"513",531,0.00109,0.00109,"T",0
"514",532,0.00085,0.00085,"T",0
"515",533,0.00287,0.00306,"C",0.338495575221239
"516",534,0.00211,0.00223,"G",0
"517",535,0.00227,0.00236,"C",0.261061946902655
"518",536,0.00063,0.00067,"T",0
"519",537,0.0025,0.00256,"C",0.283185840707965
"520",538,0.0011,0.00117,"T",0
"521",539,0.00479,0.00485,"A",0.536504424778761
"522",540,0.00641,0.00643,"A",0.711283185840708
"523",541,0.00099,0.00116,"G",0
"524",542,0.00976,0.00987,"A",1
"525",543,0.00125,0.00126,"T",0
"526",544,0.00133,0.00155,"T",0
"527",545,0.00139,0.00144,"A",0.15929203539823
"528",546,0.00632,0.00637,"A",0.704646017699115
"529",547,0.00502,0.00507,"A",0.560840707964602
"530",548,0.00839,0.00846,"A",0.935840707964602
"531",549,0.00618,0.00621,"A",0.686946902654867
"532",550,0.00097,0.00102,"T",0
"533",551,0.00201,0.00217,"G",0
"534",552,0.00433,0.00439,"C",0.485619469026549
"535",553,0.00158,0.00163,"C",0.180309734513274
"536",554,0.00192,0.00194,"C",0.214601769911504
"537",555,0.001,0.00113,"T",0
"538",556,0.004,0.00436,"A",0.482300884955752
"539",557,0.00163,0.00182,"G",0
"540",558,0.00355,0.00356,"C",0.393805309734513
"541",559,0.00336,0.00338,"C",0.373893805309735
"542",560,0.00567,0.00567,"C",0.627212389380531
"543",561,0.00294,0.00359,"A",0.39712389380531
"544",562,0.00498,0.00508,"C",0.561946902654867
"545",563,0.00077,8e-04,"T",0
"546",564,0.00098,0.001,"T",0
"547",565,0.00426,0.00459,"C",0.507743362831859
"548",566,0.00189,0.00189,"T",0
"549",567,0.00153,0.00154,"T",0
"550",568,0.00499,0.00716,"A",0.792035398230089
"551",569,0.00637,0.0064,"C",0.707964601769912
"552",570,0.00469,0.0047,"C",0.519911504424779
"553",571,0.00624,0.00737,"A",0.815265486725664
"554",572,0.00938,0.00962,"C",1
"555",573,0.00674,0.00674,"A",0.745575221238938
"556",574,0.0081,0.00821,"A",0.908185840707965
"557",575,0.00139,0.00142,"G",0
"558",576,0.00157,0.00158,"G",0
"559",577,0.00695,0.00721,"C",0.797566371681416
"560",578,0.00788,0.00883,"A",0.976769911504425
"561",579,0.00943,0.00965,"C",1
"562",580,0.0057,0.00591,"A",0.653761061946903
"563",581,0.00825,0.00825,"C",0.912610619469027
"564",582,0.00469,0.00475,"C",0.525442477876106
"565",583,0.00154,0.00181,"T",0
"566",584,0.00798,0.00932,"A",1
"567",585,0.00811,0.00856,"C",0.946902654867257
"568",586,0.00768,0.00865,"A",0.956858407079646
"569",587,0.00482,0.00482,"C",0.533185840707965
"570",588,0.00422,0.00422,"C",0.466814159292035
"571",589,0.00275,0.00278,"C",0.307522123893805
"572",590,0.00228,0.00233,"C",0.257743362831858
"573",591,0.00134,0.00137,"T",0
"574",592,0.00121,0.00124,"T",0
"575",593,0.00204,0.00246,"A",0.27212389380531
"576",594,0.00103,0.00118,"T",0
"577",595,0.00238,0.00238,"C",0.263274336283186
"578",596,0.00183,0.00183,"C",0.202433628318584
"579",597,0.00385,0.00387,"C",0.428097345132743
"580",598,0.0052,0.0052,"C",0.575221238938053
"581",599,0.00214,0.00357,"A",0.394911504424779
"582",600,0.00106,0.00115,"T",0
"583",601,0.00461,0.00472,"A",0.52212389380531
"584",602,0.00547,0.00559,"C",0.618362831858407
"585",603,0.00081,0.00087,"T",0
"586",604,0.00643,0.00652,"A",0.721238938053097
"587",605,0.00059,0.00063,"G",0
"588",606,0.00171,0.00171,"T",0
"589",607,0.00114,0.00114,"T",0
"590",608,0.00346,0.00583,"A",0.644911504424779
"591",609,0.00154,0.00154,"T",0
"592",610,0.00105,0.00106,"T",0
"593",611,0.00454,0.00749,"A",0.82853982300885
"594",612,0.00104,0.00107,"T",0
"595",613,0.00635,0.00647,"C",0.71570796460177
"596",614,0.00307,0.00316,"G",0
"597",615,0.00349,0.00356,"A",0.393805309734513
"598",616,0.0055,0.00551,"A",0.609513274336283
"599",617,0.00754,0.00755,"A",0.835176991150443
"600",618,0.0053,0.00534,"C",0.59070796460177
"601",619,0.00296,0.00296,"C",0.327433628318584
"602",620,0.00446,0.00499,"A",0.551991150442478
"603",621,0.00121,0.00156,"T",0
"604",622,0.00426,0.00441,"C",0.48783185840708
"605",623,0.0052,0.00549,"A",0.607300884955752
"606",624,0.00214,0.00223,"G",0
"607",625,0.00246,0.00246,"C",0.27212389380531
"608",626,0.00113,0.00113,"C",0.125
"609",627,0.00114,0.00116,"T",0
"610",628,0.0029,0.00302,"A",0.334070796460177
"611",629,0.0032,0.00329,"C",0.363938053097345
"612",630,0.00078,8e-04,"T",0
"613",631,0.00328,0.00345,"C",0.381637168141593
"614",632,0.00371,0.0039,"A",0.43141592920354
"615",633,0.00108,0.00109,"T",0
"616",634,0.00087,0.00088,"T",0
"617",635,0.00642,0.00654,"C",0.723451327433628
"618",636,0.00874,0.00874,"A",0.966814159292035
"619",637,0.00792,0.00794,"A",0.878318584070796
"620",638,0.00965,0.00966,"C",1
"621",639,0.00821,0.00821,"C",0.908185840707965
"622",640,0.00753,0.00754,"A",0.834070796460177
"623",641,0.00718,0.00721,"A",0.797566371681416
"624",642,0.00133,0.00144,"T",0
"625",643,0.00755,0.00786,"A",0.869469026548673
"626",644,0.00179,0.00189,"G",0
"627",645,0.00448,0.00448,"C",0.495575221238938
"628",646,0.00469,0.00471,"C",0.521017699115044
"629",647,0.00523,0.00524,"C",0.579646017699115
"630",648,9e-04,0.001,"T",0
"631",649,0.0031,0.00311,"G",0
"632",650,0.00191,0.00196,"G",0
"633",651,0.00215,0.00217,"C",0.240044247787611
"634",652,0.00525,0.00526,"C",0.581858407079646
"635",653,0.00431,0.00444,"G",0
"636",654,0.00121,0.00136,"T",0
"637",655,0.00618,0.00643,"A",0.711283185840708
"638",656,0.00863,0.00871,"C",0.963495575221239
"639",657,0.00274,0.00282,"G",0
"640",658,0.00249,0.00249,"C",0.275442477876106
"641",659,0.00165,0.00166,"C",0.183628318584071
"642",660,0.00106,0.00125,"T",0
"643",661,0.00638,0.00645,"A",0.713495575221239
"644",662,0.00769,0.00776,"A",0.858407079646018
"645",663,0.01066,0.01068,"C",1
"646",664,0.00996,0.01002,"C",1
"647",665,0.00367,0.00383,"G",0
"648",666,0.00447,0.00463,"C",0.51216814159292
"649",667,0.00135,0.00145,"T",0
"650",668,0.00805,0.00816,"A",0.902654867256637
"651",669,0.01219,0.01225,"A",1
"652",670,0.00869,0.00886,"C",0.980088495575221
"653",671,0.0079,0.00803,"A",0.888274336283186
"654",672,0.00137,0.00139,"T",0
"655",673,0.00074,0.00078,"T",0
"656",674,0.00688,0.00942,"A",1
"657",675,0.00661,0.00672,"C",0.743362831858407
"658",676,0.00088,0.00091,"T",0
"659",677,0.00293,0.00333,"G",0
"660",678,0.00482,0.00499,"C",0.551991150442478
"661",679,0.00655,0.00696,"A",0.769911504424779
"662",680,0.00167,0.00169,"G",0
"663",681,0.00293,0.00294,"G",0
"664",682,0.00332,0.00336,"C",0.371681415929204
"665",683,0.00281,0.00287,"C",0.317477876106195
"666",684,0.00495,0.00609,"A",0.673672566371681
"667",685,0.00606,0.00607,"C",0.67146017699115
"668",686,0.00355,0.00358,"C",0.396017699115044
"669",687,0.001,0.00113,"T",0
"670",688,0.00403,0.00416,"A",0.460176991150442
"671",689,0.00492,0.00509,"C",0.563053097345133
"672",690,0.00106,0.00132,"T",0
"673",691,0.00439,0.00452,"C",0.5
"674",692,0.00508,0.0055,"A",0.608407079646018
"675",693,0.00258,0.00267,"T",0
"676",694,0.00284,0.00306,"G",0
"677",695,0.00514,0.00534,"C",0.59070796460177
"678",696,0.00678,0.00687,"A",0.759955752212389
"679",697,0.0078,0.00782,"C",0.865044247787611
"680",698,0.00463,0.00465,"C",0.514380530973451
"681",699,0.00132,0.00138,"T",0
"682",700,0.00634,0.00639,"A",0.706858407079646
"683",701,0.00699,0.00705,"A",0.779867256637168
"684",702,0.00111,0.00113,"T",0
"685",703,9e-04,0.00091,"T",0
"686",704,0.00163,0.00165,"G",0
"687",705,0.00083,9e-04,"G",0
"688",706,0.00541,0.00544,"A",0.601769911504425
"689",707,0.00428,0.00429,"A",0.474557522123894
"690",708,0.00295,0.00311,"G",0
"691",709,0.00362,0.00379,"C",0.41924778761062
"692",710,0.00452,0.00459,"G",0
"693",711,0.003,0.00303,"C",0.335176991150443
"694",712,0.00189,0.00191,"C",0.211283185840708
"695",713,0.00288,0.00441,"A",0.48783185840708
"696",714,0.00465,0.00471,"C",0.521017699115044
"697",715,0.00352,0.00357,"C",0.394911504424779
"698",716,0.00309,0.0031,"C",0.342920353982301
"699",717,0.00107,0.00107,"T",0
"700",718,0.00442,0.00448,"A",0.495575221238938
"701",719,0.00129,0.00139,"G",0
"702",720,0.00442,0.00448,"C",0.495575221238938
"703",721,0.00464,0.00464,"A",0.513274336283186
"704",722,0.00389,0.00392,"A",0.433628318584071
"705",723,0.00084,0.00091,"T",0
"706",724,0.00426,0.0044,"A",0.486725663716814
"707",725,0.001,0.00128,"T",0
"708",726,0.00522,0.00544,"C",0.601769911504425
"709",727,0.00595,0.00595,"A",0.658185840707965
"710",728,0.00684,0.00685,"A",0.757743362831859
"711",729,0.00655,0.00657,"C",0.726769911504425
"712",730,0.00317,0.00318,"C",0.351769911504425
"713",731,0.00498,0.00543,"A",0.600663716814159
"714",732,0.00105,0.00105,"T",0
"715",733,9e-04,9e-04,"T",0
"716",734,0.0034,0.0034,"A",0.376106194690266
"717",735,0.00491,0.00494,"A",0.54646017699115
"718",736,0.00453,0.00455,"C",0.503318584070797
"719",737,0.0021,0.00212,"C",0.234513274336283
"720",738,0.00087,0.00087,"T",0
"721",739,0.00053,0.00053,"T",0
"722",740,0.00233,0.00233,"C",0.257743362831858
"723",741,0.00167,0.00168,"C",0.185840707964602
"724",742,0.00331,0.00331,"C",0.366150442477876
"725",743,0.00109,0.00112,"T",0
"726",744,0.00322,0.00333,"C",0.368362831858407
"727",745,0.00089,0.00091,"T",0
"728",746,0.00354,0.00366,"A",0.404867256637168
"729",747,0.00439,0.0045,"C",0.497787610619469
"730",748,0.00388,0.004,"A",0.442477876106195
"731",749,0.00286,0.00289,"C",0.319690265486726
"732",750,0.00083,0.00084,"T",0
"733",751,0.00095,0.00098,"T",0
"734",752,0.00186,0.0025,"A",0.276548672566372
"735",753,0.00057,0.00067,"T",0
"736",754,0.00189,0.00196,"C",0.216814159292035
"737",755,0.00221,0.00226,"A",0.25
"738",756,0.00052,0.00054,"T",0
"739",757,0.00154,0.00163,"C",0.180309734513274
"740",758,0.00091,0.00093,"T",0
"741",759,0.00076,0.00078,"T",0
"742",760,0.00176,0.00184,"C",0.20353982300885
"743",761,0.00255,0.00258,"A",0.285398230088496
"744",762,0.00425,0.00433,"C",0.478982300884956
"745",763,0.00262,0.00263,"A",0.290929203539823
"746",764,0.00277,0.0028,"A",0.309734513274336
"747",765,0.00066,0.00067,"T",0
"748",766,0.00041,0.00041,"T",0
"749",767,0.00218,0.0027,"C",0.298672566371681
"750",768,0.00122,0.00128,"T",0
"751",769,0.00393,0.00402,"A",0.444690265486726
"752",770,0.00408,0.00413,"A",0.456858407079646
"753",771,0.00074,0.00075,"T",0
"754",772,0.00039,0.00042,"T",0
"755",773,0.00365,0.00399,"C",0.441371681415929
"756",774,0.00097,0.00111,"T",0
"757",775,0.0069,0.00702,"A",0.776548672566372
"758",776,0.00696,0.00706,"C",0.780973451327434
"759",777,0.00113,0.00119,"T",0
"760",778,0.00115,0.00124,"G",0
"761",779,0.00628,0.00634,"A",0.701327433628319
"762",780,0.00692,0.0072,"C",0.79646017699115
"763",781,0.00083,0.00092,"T",0
"764",782,0.00658,0.00691,"A",0.764380530973451
"765",783,0.00083,0.00085,"T",0
"766",784,0.00763,0.00768,"C",0.849557522123894
"767",785,0.0045,0.00454,"C",0.502212389380531
"768",786,0.00104,0.00109,"T",0
"769",787,0.00651,0.00673,"A",0.744469026548673
"770",788,0.00086,0.00093,"G",0
"771",789,0.00373,0.00373,"A",0.412610619469027
"772",790,0.00416,0.00417,"A",0.461283185840708
"773",791,0.00395,0.00398,"A",0.440265486725664
"774",792,0.00054,0.00054,"T",0
"775",793,0.00293,0.00299,"C",0.330752212389381
"776",794,0.00346,0.00352,"G",0
"777",795,0.00258,0.00263,"C",0.290929203539823
"778",796,0.00079,0.00079,"T",0
"779",797,0.00323,0.00328,"G",0
"780",798,0.00078,0.00091,"T",0
"781",799,0.00823,0.00836,"C",0.924778761061947
"782",800,0.00164,0.00166,"G",0
"783",801,0.00275,0.00277,"C",0.30641592920354
"784",802,0.00182,0.00182,"C",0.201327433628319
"785",803,0.00065,0.00066,"T",0
"786",804,0.0012,0.00122,"T",0
"787",805,0.00381,0.00392,"A",0.433628318584071
"788",806,0.00429,0.00429,"A",0.474557522123894
"789",807,0.00063,0.00073,"T",0
"790",808,0.0054,0.00544,"C",0.601769911504425
"791",809,0.00401,0.00401,"C",0.44358407079646
"792",810,0.00391,0.00395,"A",0.436946902654867
"793",811,0.00459,0.0046,"A",0.508849557522124
"794",812,0.00212,0.00226,"G",0
"795",813,0.00242,0.00244,"C",0.269911504424779
"796",814,0.0013,0.00132,"C",0.146017699115044
"797",815,0.00067,0.00074,"T",0
"798",816,0.00523,0.00529,"A",0.585176991150443
"799",817,0.00759,0.00768,"C",0.849557522123894
"800",818,0.0019,0.00202,"G",0
"801",819,7e-04,0.00071,"T",0
"802",820,0.00046,0.00046,"T",0
"803",821,0.00056,6e-04,"T",0
"804",822,7e-04,7e-04,"T",0
"805",823,0.00427,0.00479,"C",0.529867256637168
"806",824,0.00833,0.00849,"A",0.939159292035398
"807",825,0.01067,0.01084,"C",1
"808",826,0.00861,0.00877,"A",0.970132743362832
"809",827,0.00844,0.00857,"C",0.948008849557522
"810",828,8e-04,8e-04,"T",0
"811",829,0.00077,0.00079,"T",0
"812",830,0.00449,0.00542,"C",0.599557522123894
"813",831,0.00107,0.00111,"T",0
"814",832,0.00626,0.00641,"A",0.709070796460177
"815",833,8e-04,9e-04,"G",0
"816",834,0.00104,0.00124,"T",0
"817",835,0.00506,0.00506,"A",0.559734513274336
"818",836,0.00455,0.00475,"A",0.525442477876106
"819",837,0.00074,0.00082,"G",0
"820",838,0.00647,0.00647,"C",0.71570796460177
"821",839,0.00121,0.00121,"C",0.133849557522124
"822",840,0.00031,0.00035,"T",0
"823",841,0.00368,0.00387,"C",0.428097345132743
"824",842,0.00083,0.00083,"T",0
"825",843,0.00355,0.00361,"A",0.399336283185841
"826",844,0.00515,0.00522,"C",0.577433628318584
"827",845,0.00282,0.00291,"C",0.321902654867257
"828",846,0.00357,0.00369,"T",0
"829",847,0.00302,0.00302,"G",0
"830",848,0.00455,0.00512,"C",0.566371681415929
"831",849,0.00485,0.00485,"A",0.536504424778761
"832",850,0.00511,0.00511,"C",0.565265486725664
"833",851,0.00405,0.00405,"G",0
"834",852,0.00523,0.00523,"A",0.57853982300885
"835",853,0.00611,0.00611,"C",0.675884955752212
"836",854,0.00761,0.00761,"A",0.841814159292035
"837",855,0.00994,0.00994,"A",1
"838",856,0.00598,0.00598,"C",0.661504424778761
"839",857,0.0037,0.00426,"A",0.471238938053097
"840",858,0.00739,0.00739,"C",0.817477876106195
"841",859,0.00771,0.00771,"A",0.85287610619469
"842",860,0.00061,0.00061,"T",0
"843",861,0,0,"A",0
"844",862,0,0,"A",0
